timeStamp,elapsed,label,responseCode,responseMessage,threadName,dataType,success,bytes,Latency
1360342194622,175,Delete Object,200,OK,Threadgroup 1-1,text,true,224,175
1360342194857,54,Create Object,201,Created,Threadgroup 1-1,text,true,280,54
1360342195006,44,Create Binary Resource,201,Created,Threadgroup 1-1,text,true,1120,44
1360342195151,28,Modify Binary Resource,200,OK,Threadgroup 1-1,text,true,1044,28
1360342195265,32,Modify Binary Resource,200,OK,Threadgroup 1-1,text,true,1044,32
1360342195404,33,Modify Binary Resource,200,OK,Threadgroup 1-1,text,true,1044,33
1360342195513,33,Modify Binary Resource,200,OK,Threadgroup 1-1,text,true,1044,33
1360342195622,34,Modify Binary Resource,200,OK,Threadgroup 1-1,text,true,1044,34
1360342195724,34,Modify Binary Resource,200,OK,Threadgroup 1-1,text,true,1044,34
1360342195823,36,Modify Binary Resource,200,OK,Threadgroup 1-1,text,true,1044,36
1360342195963,35,Modify Binary Resource,200,OK,Threadgroup 1-1,text,true,1044,35
1360342196051,31,Modify Binary Resource,200,OK,Threadgroup 1-1,text,true,1044,31
1360342196127,33,Modify Binary Resource,200,OK,Threadgroup 1-1,text,true,1046,33
1360342196205,43,Create Binary Resource,201,Created,Threadgroup 1-1,text,true,1120,43
1360342196294,37,Modify Binary Resource,200,OK,Threadgroup 1-1,text,true,1044,37
1360342196377,35,Modify Binary Resource,200,OK,Threadgroup 1-1,text,true,1044,35
1360342196454,37,Modify Binary Resource,200,OK,Threadgroup 1-1,text,true,1044,37
1360342196536,53,Modify Binary Resource,200,OK,Threadgroup 1-1,text,true,1044,53
1360342196634,59,Modify Binary Resource,200,OK,Threadgroup 1-1,text,true,1044,59
1360342196748,37,Modify Binary Resource,200,OK,Threadgroup 1-1,text,true,1044,37
1360342197031,31,Modify Binary Resource,200,OK,Threadgroup 1-1,text,true,1044,31
1360342197099,32,Modify Binary Resource,200,OK,Threadgroup 1-1,text,true,1044,32
1360342197170,32,Modify Binary Resource,200,OK,Threadgroup 1-1,text,true,1044,32
1360342197242,37,Modify Binary Resource,200,OK,Threadgroup 1-1,text,true,1046,37
1360342197321,40,Create Binary Resource,201,Created,Threadgroup 1-1,text,true,1120,40
1360342197400,35,Modify Binary Resource,200,OK,Threadgroup 1-1,text,true,1044,34
1360342197471,61,Modify Binary Resource,200,OK,Threadgroup 1-1,text,true,1044,61
1360342197571,38,Modify Binary Resource,200,OK,Threadgroup 1-1,text,true,1044,38
1360342197649,41,Modify Binary Resource,200,OK,Threadgroup 1-1,text,true,1044,41
1360342197731,34,Modify Binary Resource,200,OK,Threadgroup 1-1,text,true,1044,34
1360342197875,57,Modify Binary Resource,200,OK,Threadgroup 1-1,text,true,1044,57
1360342197974,40,Modify Binary Resource,200,OK,Threadgroup 1-1,text,true,1044,40
1360342198048,39,Modify Binary Resource,200,OK,Threadgroup 1-1,text,true,1044,39
1360342198124,41,Modify Binary Resource,200,OK,Threadgroup 1-1,text,true,1044,41
1360342198197,44,Modify Binary Resource,200,OK,Threadgroup 1-1,text,true,1046,44
1360342198276,41,Create Binary Resource,201,Created,Threadgroup 1-1,text,true,1120,41
1360342198354,46,Modify Binary Resource,200,OK,Threadgroup 1-1,text,true,1044,46
1360342198437,40,Modify Binary Resource,200,OK,Threadgroup 1-1,text,true,1044,40
1360342198514,43,Modify Binary Resource,200,OK,Threadgroup 1-1,text,true,1044,43
1360342198593,44,Modify Binary Resource,200,OK,Threadgroup 1-1,text,true,1044,44
1360342198674,44,Modify Binary Resource,200,OK,Threadgroup 1-1,text,true,1044,44
1360342198755,64,Modify Binary Resource,200,OK,Threadgroup 1-1,text,true,1044,64
1360342198854,49,Modify Binary Resource,200,OK,Threadgroup 1-1,text,true,1044,49
1360342198938,47,Modify Binary Resource,200,OK,Threadgroup 1-1,text,true,1044,47
1360342199020,47,Modify Binary Resource,200,OK,Threadgroup 1-1,text,true,1044,47
1360342199193,47,Modify Binary Resource,200,OK,Threadgroup 1-1,text,true,1046,47
1360342199273,48,Create Binary Resource,201,Created,Threadgroup 1-1,text,true,1120,48
1360342199354,52,Modify Binary Resource,200,OK,Threadgroup 1-1,text,true,1044,52
1360342199443,48,Modify Binary Resource,200,OK,Threadgroup 1-1,text,true,1044,48
1360342199524,55,Modify Binary Resource,200,OK,Threadgroup 1-1,text,true,1063,55
1360342199615,48,Modify Binary Resource,200,OK,Threadgroup 1-1,text,true,1044,48
1360342199695,65,Modify Binary Resource,200,OK,Threadgroup 1-1,text,true,1044,65
1360342199793,51,Modify Binary Resource,200,OK,Threadgroup 1-1,text,true,1044,51
1360342199876,49,Modify Binary Resource,200,OK,Threadgroup 1-1,text,true,1044,49
1360342199957,48,Modify Binary Resource,200,OK,Threadgroup 1-1,text,true,1044,48
1360342200043,51,Modify Binary Resource,200,OK,Threadgroup 1-1,text,true,1044,51
1360342200127,49,Modify Binary Resource,200,OK,Threadgroup 1-1,text,true,1046,49
1360342200212,59,Create Binary Resource,201,Created,Threadgroup 1-1,text,true,1120,59
1360342200303,52,Modify Binary Resource,200,OK,Threadgroup 1-1,text,true,1044,52
1360342200391,72,Modify Binary Resource,200,OK,Threadgroup 1-1,text,true,1044,72
1360342200497,51,Modify Binary Resource,200,OK,Threadgroup 1-1,text,true,1044,51
1360342200585,53,Modify Binary Resource,200,OK,Threadgroup 1-1,text,true,1044,53
1360342200783,56,Modify Binary Resource,200,OK,Threadgroup 1-1,text,true,1044,56
1360342200872,56,Modify Binary Resource,200,OK,Threadgroup 1-1,text,true,1044,56
1360342200963,60,Modify Binary Resource,200,OK,Threadgroup 1-1,text,true,1044,60
1360342201053,56,Modify Binary Resource,200,OK,Threadgroup 1-1,text,true,1044,56
1360342201142,61,Modify Binary Resource,200,OK,Threadgroup 1-1,text,true,1044,61
1360342201233,74,Modify Binary Resource,200,OK,Threadgroup 1-1,text,true,1046,74
1360342201341,64,Create Binary Resource,201,Created,Threadgroup 1-1,text,true,1120,64
1360342201440,53,Modify Binary Resource,200,OK,Threadgroup 1-1,text,true,1044,53
1360342201523,63,Modify Binary Resource,200,OK,Threadgroup 1-1,text,true,1044,63
1360342201620,55,Modify Binary Resource,200,OK,Threadgroup 1-1,text,true,1044,55
1360342201704,63,Modify Binary Resource,200,OK,Threadgroup 1-1,text,true,1044,63
1360342201809,61,Modify Binary Resource,200,OK,Threadgroup 1-1,text,true,1044,61
1360342201901,73,Modify Binary Resource,200,OK,Threadgroup 1-1,text,true,1044,73
1360342202003,61,Modify Binary Resource,200,OK,Threadgroup 1-1,text,true,1044,61
1360342202093,62,Modify Binary Resource,200,OK,Threadgroup 1-1,text,true,1044,62
1360342202184,62,Modify Binary Resource,200,OK,Threadgroup 1-1,text,true,1044,62
1360342202280,62,Modify Binary Resource,200,OK,Threadgroup 1-1,text,true,1046,62
1360342202372,68,Create Binary Resource,201,Created,Threadgroup 1-1,text,true,1120,68
1360342202471,63,Modify Binary Resource,200,OK,Threadgroup 1-1,text,true,1044,63
1360342202563,79,Modify Binary Resource,200,OK,Threadgroup 1-1,text,true,1044,79
1360342202671,64,Modify Binary Resource,200,OK,Threadgroup 1-1,text,true,1044,64
1360342202769,65,Modify Binary Resource,200,OK,Threadgroup 1-1,text,true,1044,65
1360342202980,66,Modify Binary Resource,200,OK,Threadgroup 1-1,text,true,1044,66
1360342203081,65,Modify Binary Resource,200,OK,Threadgroup 1-1,text,true,1044,65
1360342203180,66,Modify Binary Resource,200,OK,Threadgroup 1-1,text,true,1044,66
1360342203281,66,Modify Binary Resource,200,OK,Threadgroup 1-1,text,true,1044,66
1360342203379,84,Modify Binary Resource,200,OK,Threadgroup 1-1,text,true,1044,84
1360342203492,79,Modify Binary Resource,200,OK,Threadgroup 1-1,text,true,1046,79
1360342203601,76,Create Binary Resource,201,Created,Threadgroup 1-1,text,true,1120,76
1360342203708,69,Modify Binary Resource,200,OK,Threadgroup 1-1,text,true,1044,69
1360342203808,70,Modify Binary Resource,200,OK,Threadgroup 1-1,text,true,1044,70
1360342203908,87,Modify Binary Resource,200,OK,Threadgroup 1-1,text,true,1044,87
1360342204021,69,Modify Binary Resource,200,OK,Threadgroup 1-1,text,true,1044,69
1360342204120,77,Modify Binary Resource,200,OK,Threadgroup 1-1,text,true,1044,76
1360342204228,72,Modify Binary Resource,200,OK,Threadgroup 1-1,text,true,1044,72
1360342204329,72,Modify Binary Resource,200,OK,Threadgroup 1-1,text,true,1044,72
1360342204430,72,Modify Binary Resource,200,OK,Threadgroup 1-1,text,true,1044,72
1360342204530,91,Modify Binary Resource,200,OK,Threadgroup 1-1,text,true,1063,91
1360342204652,76,Modify Binary Resource,200,OK,Threadgroup 1-1,text,true,1046,76
1360342204758,74,Create Binary Resource,201,Created,Threadgroup 1-1,text,true,1125,74
1360342204860,74,Modify Binary Resource,200,OK,Threadgroup 1-1,text,true,1048,74
1360342204967,76,Modify Binary Resource,200,OK,Threadgroup 1-1,text,true,1048,76
1360342205070,75,Modify Binary Resource,200,OK,Threadgroup 1-1,text,true,1048,75
1360342205324,97,Modify Binary Resource,200,OK,Threadgroup 1-1,text,true,1048,97
1360342205451,80,Modify Binary Resource,200,OK,Threadgroup 1-1,text,true,1048,80
1360342205560,75,Modify Binary Resource,200,OK,Threadgroup 1-1,text,true,1048,75
1360342205667,78,Modify Binary Resource,200,OK,Threadgroup 1-1,text,true,1048,78
1360342205777,77,Modify Binary Resource,200,OK,Threadgroup 1-1,text,true,1048,77
1360342205886,96,Modify Binary Resource,200,OK,Threadgroup 1-1,text,true,1048,96
1360342206011,82,Modify Binary Resource,200,OK,Threadgroup 1-1,text,true,1050,82
1360342206111,15,Get Object,200,OK,Threadgroup 1-1,text,true,2745,15
1360342206142,8,Read Binary Resource,200,OK,Threadgroup 1-1,text,true,8388,8
1360342206162,7,Read Binary Resource,200,OK,Threadgroup 1-1,text,true,9469,7
1360342206181,7,Read Binary Resource,200,OK,Threadgroup 1-1,text,true,9102,7
1360342206200,8,Read Binary Resource,200,OK,Threadgroup 1-1,text,true,7811,8
1360342206220,7,Read Binary Resource,200,OK,Threadgroup 1-1,text,true,6969,7
1360342206238,8,Read Binary Resource,200,OK,Threadgroup 1-1,text,true,8826,8
1360342206262,7,Read Binary Resource,200,OK,Threadgroup 1-1,text,true,7361,7
1360342206280,7,Read Binary Resource,200,OK,Threadgroup 1-1,text,true,7450,7
1360342206297,8,Read Binary Resource,200,OK,Threadgroup 1-1,text,true,9614,8
1360342206321,8,Read Binary Resource,200,OK,Threadgroup 1-1,text,true,9469,8
1360342206349,48,Delete Object,200,OK,Threadgroup 1-1,text,true,224,47
1360342206416,43,Create Object,201,Created,Threadgroup 1-1,text,true,280,43
1360342206484,27,Create Binary Resource,201,Created,Threadgroup 1-1,text,true,1120,27
1360342206539,23,Modify Binary Resource,200,OK,Threadgroup 1-1,text,true,1044,23
1360342206589,23,Modify Binary Resource,200,OK,Threadgroup 1-1,text,true,1044,23
1360342206642,28,Modify Binary Resource,200,OK,Threadgroup 1-1,text,true,1044,28
1360342206698,24,Modify Binary Resource,200,OK,Threadgroup 1-1,text,true,1044,24
1360342206749,25,Modify Binary Resource,200,OK,Threadgroup 1-1,text,true,1044,25
1360342206813,29,Modify Binary Resource,200,OK,Threadgroup 1-1,text,true,1044,29
1360342206869,25,Modify Binary Resource,200,OK,Threadgroup 1-1,text,true,1044,25
1360342206925,28,Modify Binary Resource,200,OK,Threadgroup 1-1,text,true,1044,28
1360342206979,27,Modify Binary Resource,200,OK,Threadgroup 1-1,text,true,1044,27
1360342207036,47,Modify Binary Resource,200,OK,Threadgroup 1-1,text,true,1046,47
1360342207110,34,Create Binary Resource,201,Created,Threadgroup 1-1,text,true,1120,34
1360342207176,29,Modify Binary Resource,200,OK,Threadgroup 1-1,text,true,1044,29
1360342207236,30,Modify Binary Resource,200,OK,Threadgroup 1-1,text,true,1044,30
1360342207296,30,Modify Binary Resource,200,OK,Threadgroup 1-1,text,true,1044,30
1360342207486,152,Modify Binary Resource,200,OK,Threadgroup 1-1,text,true,1044,152
1360342207668,36,Modify Binary Resource,200,OK,Threadgroup 1-1,text,true,1044,36
1360342207735,33,Modify Binary Resource,200,OK,Threadgroup 1-1,text,true,1044,33
1360342207797,32,Modify Binary Resource,200,OK,Threadgroup 1-1,text,true,1044,32
1360342207857,37,Modify Binary Resource,200,OK,Threadgroup 1-1,text,true,1044,37
1360342207927,37,Modify Binary Resource,200,OK,Threadgroup 1-1,text,true,1044,37
1360342207990,32,Modify Binary Resource,200,OK,Threadgroup 1-1,text,true,1046,32
1360342208050,44,Create Binary Resource,201,Created,Threadgroup 1-1,text,true,1120,44
1360342208121,43,Modify Binary Resource,200,OK,Threadgroup 1-1,text,true,1044,43
1360342208190,33,Modify Binary Resource,200,OK,Threadgroup 1-1,text,true,1044,33
1360342208249,35,Modify Binary Resource,200,OK,Threadgroup 1-1,text,true,1044,34
1360342208310,38,Modify Binary Resource,200,OK,Threadgroup 1-1,text,true,1044,38
1360342208378,40,Modify Binary Resource,200,OK,Threadgroup 1-1,text,true,1044,40
1360342208447,37,Modify Binary Resource,200,OK,Threadgroup 1-1,text,true,1044,37
1360342208509,41,Modify Binary Resource,200,OK,Threadgroup 1-1,text,true,1044,40
1360342208577,43,Modify Binary Resource,200,OK,Threadgroup 1-1,text,true,1044,43
1360342208649,41,Modify Binary Resource,200,OK,Threadgroup 1-1,text,true,1044,41
1360342208718,38,Modify Binary Resource,200,OK,Threadgroup 1-1,text,true,1046,38
1360342208786,46,Create Binary Resource,201,Created,Threadgroup 1-1,text,true,1120,45
1360342208859,38,Modify Binary Resource,200,OK,Threadgroup 1-1,text,true,1044,38
1360342208926,45,Modify Binary Resource,200,OK,Threadgroup 1-1,text,true,1044,45
1360342208999,66,Modify Binary Resource,200,OK,Threadgroup 1-1,text,true,1044,65
1360342209095,51,Modify Binary Resource,200,OK,Threadgroup 1-1,text,true,1044,51
1360342209176,66,Modify Binary Resource,200,OK,Threadgroup 1-1,text,true,1044,66
1360342209270,40,Modify Binary Resource,200,OK,Threadgroup 1-1,text,true,1044,39
1360342209340,40,Modify Binary Resource,200,OK,Threadgroup 1-1,text,true,1044,40
1360342209577,43,Modify Binary Resource,200,OK,Threadgroup 1-1,text,true,1044,43
1360342209650,41,Modify Binary Resource,200,OK,Threadgroup 1-1,text,true,1044,41
1360342209720,42,Modify Binary Resource,200,OK,Threadgroup 1-1,text,true,1046,42
1360342209792,53,Create Binary Resource,201,Created,Threadgroup 1-1,text,true,1120,53
1360342209869,44,Modify Binary Resource,200,OK,Threadgroup 1-1,text,true,1044,44
1360342209938,67,Modify Binary Resource,200,OK,Threadgroup 1-1,text,true,1044,67
1360342210035,47,Modify Binary Resource,200,OK,Threadgroup 1-1,text,true,1044,47
1360342210108,51,Modify Binary Resource,200,OK,Threadgroup 1-1,text,true,1044,51
1360342210187,51,Modify Binary Resource,200,OK,Threadgroup 1-1,text,true,1044,51
1360342210266,53,Modify Binary Resource,200,OK,Threadgroup 1-1,text,true,1044,53
1360342210347,89,Modify Binary Resource,200,OK,Threadgroup 1-1,text,true,1044,89
1360342210465,54,Modify Binary Resource,200,OK,Threadgroup 1-1,text,true,1044,53
1360342210546,54,Modify Binary Resource,200,OK,Threadgroup 1-1,text,true,1044,53
1360342210628,54,Modify Binary Resource,200,OK,Threadgroup 1-1,text,true,1046,54
1360342210708,75,Create Binary Resource,201,Created,Threadgroup 1-1,text,true,1120,75
1360342210809,54,Modify Binary Resource,200,OK,Threadgroup 1-1,text,true,1044,54
1360342210888,55,Modify Binary Resource,200,OK,Threadgroup 1-1,text,true,1044,55
1360342210968,55,Modify Binary Resource,200,OK,Threadgroup 1-1,text,true,1044,55
1360342211048,55,Modify Binary Resource,200,OK,Threadgroup 1-1,text,true,1044,55
1360342211129,56,Modify Binary Resource,200,OK,Threadgroup 1-1,text,true,1044,56
1360342211209,56,Modify Binary Resource,200,OK,Threadgroup 1-1,text,true,1044,56
1360342211290,55,Modify Binary Resource,200,OK,Threadgroup 1-1,text,true,1044,55
1360342211375,77,Modify Binary Resource,200,OK,Threadgroup 1-1,text,true,1044,77
1360342211478,58,Modify Binary Resource,200,OK,Threadgroup 1-1,text,true,1044,58
1360342211565,60,Modify Binary Resource,200,OK,Threadgroup 1-1,text,true,1046,60
1360342211655,72,Create Binary Resource,201,Created,Threadgroup 1-1,text,true,1120,72
1360342211757,60,Modify Binary Resource,200,OK,Threadgroup 1-1,text,true,1044,60
1360342211854,62,Modify Binary Resource,200,OK,Threadgroup 1-1,text,true,1044,62
1360342211946,61,Modify Binary Resource,200,OK,Threadgroup 1-1,text,true,1044,61
1360342212036,84,Modify Binary Resource,200,OK,Threadgroup 1-1,text,true,1044,84
1360342212147,62,Modify Binary Resource,200,OK,Threadgroup 1-1,text,true,1044,62
1360342212237,62,Modify Binary Resource,200,OK,Threadgroup 1-1,text,true,1044,62
1360342212327,62,Modify Binary Resource,200,OK,Threadgroup 1-1,text,true,1044,62
1360342212417,62,Modify Binary Resource,200,OK,Threadgroup 1-1,text,true,1044,62
1360342212507,63,Modify Binary Resource,200,OK,Threadgroup 1-1,text,true,1044,63
1360342212759,63,Modify Binary Resource,200,OK,Threadgroup 1-1,text,true,1046,63
1360342212848,90,Create Binary Resource,201,Created,Threadgroup 1-1,text,true,1120,90
1360342212966,65,Modify Binary Resource,200,OK,Threadgroup 1-1,text,true,1044,65
1360342213058,65,Modify Binary Resource,200,OK,Threadgroup 1-1,text,true,1044,65
1360342213148,72,Modify Binary Resource,200,OK,Threadgroup 1-1,text,true,1044,72
1360342213247,66,Modify Binary Resource,200,OK,Threadgroup 1-1,text,true,1044,66
1360342213339,65,Modify Binary Resource,200,OK,Threadgroup 1-1,text,true,1044,65
1360342213429,65,Modify Binary Resource,200,OK,Threadgroup 1-1,text,true,1044,65
1360342213519,84,Modify Binary Resource,200,OK,Threadgroup 1-1,text,true,1044,84
1360342213629,66,Modify Binary Resource,200,OK,Threadgroup 1-1,text,true,1044,66
1360342213725,69,Modify Binary Resource,200,OK,Threadgroup 1-1,text,true,1044,69
1360342213819,68,Modify Binary Resource,200,OK,Threadgroup 1-1,text,true,1046,68
1360342213916,71,Create Binary Resource,201,Created,Threadgroup 1-1,text,true,1120,71
1360342214016,70,Modify Binary Resource,200,OK,Threadgroup 1-1,text,true,1044,70
1360342214116,94,Modify Binary Resource,200,OK,Threadgroup 1-1,text,true,1044,93
1360342214237,72,Modify Binary Resource,200,OK,Threadgroup 1-1,text,true,1044,72
1360342214337,67,Modify Binary Resource,200,OK,Threadgroup 1-1,text,true,1044,67
1360342214429,67,Modify Binary Resource,200,OK,Threadgroup 1-1,text,true,1044,67
1360342214525,69,Modify Binary Resource,200,OK,Threadgroup 1-1,text,true,1044,69
1360342214619,81,Modify Binary Resource,200,OK,Threadgroup 1-1,text,true,1044,81
1360342214727,68,Modify Binary Resource,200,OK,Threadgroup 1-1,text,true,1044,68
1360342214825,71,Modify Binary Resource,200,OK,Threadgroup 1-1,text,true,1044,70
1360342214925,71,Modify Binary Resource,200,OK,Threadgroup 1-1,text,true,1046,71
1360342215026,72,Create Binary Resource,201,Created,Threadgroup 1-1,text,true,1125,72
1360342215126,72,Modify Binary Resource,200,OK,Threadgroup 1-1,text,true,1048,72
1360342215227,95,Modify Binary Resource,200,OK,Threadgroup 1-1,text,true,1048,95
1360342215350,93,Modify Binary Resource,200,OK,Threadgroup 1-1,text,true,1048,93
1360342215471,69,Modify Binary Resource,200,OK,Threadgroup 1-1,text,true,1048,69
1360342215568,71,Modify Binary Resource,200,OK,Threadgroup 1-1,text,true,1048,71
1360342215666,73,Modify Binary Resource,200,OK,Threadgroup 1-1,text,true,1048,73
1360342215766,89,Modify Binary Resource,200,OK,Threadgroup 1-1,text,true,1048,89
1360342215885,74,Modify Binary Resource,200,OK,Threadgroup 1-1,text,true,1048,74
1360342215986,74,Modify Binary Resource,200,OK,Threadgroup 1-1,text,true,1048,74
1360342216087,74,Modify Binary Resource,200,OK,Threadgroup 1-1,text,true,1050,74
1360342216375,19,Get Object,200,OK,Threadgroup 1-1,text,true,2745,19
1360342216405,6,Read Binary Resource,200,OK,Threadgroup 1-1,text,true,7861,6
1360342216418,7,Read Binary Resource,200,OK,Threadgroup 1-1,text,true,7975,7
1360342216432,8,Read Binary Resource,200,OK,Threadgroup 1-1,text,true,9005,8
1360342216449,7,Read Binary Resource,200,OK,Threadgroup 1-1,text,true,8199,7
1360342216464,8,Read Binary Resource,200,OK,Threadgroup 1-1,text,true,7731,8
1360342216481,7,Read Binary Resource,200,OK,Threadgroup 1-1,text,true,9983,7
1360342216498,7,Read Binary Resource,200,OK,Threadgroup 1-1,text,true,7557,7
1360342216512,8,Read Binary Resource,200,OK,Threadgroup 1-1,text,true,8492,8
1360342216530,7,Read Binary Resource,200,OK,Threadgroup 1-1,text,true,8851,7
1360342216546,8,Read Binary Resource,200,OK,Threadgroup 1-1,text,true,8950,8
1360342216566,43,Delete Object,200,OK,Threadgroup 1-1,text,true,224,43
1360342216627,42,Create Object,201,Created,Threadgroup 1-1,text,true,280,42
1360342216693,32,Create Binary Resource,201,Created,Threadgroup 1-1,text,true,1120,32
1360342216754,31,Modify Binary Resource,200,OK,Threadgroup 1-1,text,true,1044,31
1360342216815,31,Modify Binary Resource,200,OK,Threadgroup 1-1,text,true,1044,31
1360342216883,32,Modify Binary Resource,200,OK,Threadgroup 1-1,text,true,1044,32
1360342216945,32,Modify Binary Resource,200,OK,Threadgroup 1-1,text,true,1044,31
1360342217005,33,Modify Binary Resource,200,OK,Threadgroup 1-1,text,true,1044,33
1360342217066,32,Modify Binary Resource,200,OK,Threadgroup 1-1,text,true,1044,32
1360342217126,33,Modify Binary Resource,200,OK,Threadgroup 1-1,text,true,1044,33
1360342217186,33,Modify Binary Resource,200,OK,Threadgroup 1-1,text,true,1044,32
1360342217247,34,Modify Binary Resource,200,OK,Threadgroup 1-1,text,true,1044,34
1360342217307,34,Modify Binary Resource,200,OK,Threadgroup 1-1,text,true,1046,34
1360342217368,35,Create Binary Resource,201,Created,Threadgroup 1-1,text,true,1120,35
1360342217428,35,Modify Binary Resource,200,OK,Threadgroup 1-1,text,true,1063,35
1360342217488,35,Modify Binary Resource,200,OK,Threadgroup 1-1,text,true,1044,35
1360342217548,34,Modify Binary Resource,200,OK,Threadgroup 1-1,text,true,1044,34
1360342217607,35,Modify Binary Resource,200,OK,Threadgroup 1-1,text,true,1044,35
1360342217667,527,Modify Binary Resource,200,OK,Threadgroup 1-1,text,true,1044,527
1360342218219,83,Modify Binary Resource,200,OK,Threadgroup 1-1,text,true,1044,83
1360342218328,36,Modify Binary Resource,200,OK,Threadgroup 1-1,text,true,1044,36
1360342218389,36,Modify Binary Resource,200,OK,Threadgroup 1-1,text,true,1044,36
1360342218455,57,Modify Binary Resource,200,OK,Threadgroup 1-1,text,true,1044,57
1360342218538,38,Modify Binary Resource,200,OK,Threadgroup 1-1,text,true,1046,38
1360342218605,41,Create Binary Resource,201,Created,Threadgroup 1-1,text,true,1120,41
1360342218675,40,Modify Binary Resource,200,OK,Threadgroup 1-1,text,true,1044,40
1360342218744,41,Modify Binary Resource,200,OK,Threadgroup 1-1,text,true,1044,41
1360342218815,42,Modify Binary Resource,200,OK,Threadgroup 1-1,text,true,1044,42
1360342218886,41,Modify Binary Resource,200,OK,Threadgroup 1-1,text,true,1044,41
1360342218956,41,Modify Binary Resource,200,OK,Threadgroup 1-1,text,true,1044,41
1360342219025,43,Modify Binary Resource,200,OK,Threadgroup 1-1,text,true,1044,43
1360342219096,43,Modify Binary Resource,200,OK,Threadgroup 1-1,text,true,1044,43
1360342219166,43,Modify Binary Resource,200,OK,Threadgroup 1-1,text,true,1044,43
1360342219236,43,Modify Binary Resource,200,OK,Threadgroup 1-1,text,true,1044,43
1360342219306,60,Modify Binary Resource,200,OK,Threadgroup 1-1,text,true,1046,60
1360342219395,46,Create Binary Resource,201,Created,Threadgroup 1-1,text,true,1120,46
1360342219468,44,Modify Binary Resource,200,OK,Threadgroup 1-1,text,true,1044,43
1360342219537,44,Modify Binary Resource,200,OK,Threadgroup 1-1,text,true,1044,44
1360342219607,45,Modify Binary Resource,200,OK,Threadgroup 1-1,text,true,1044,45
1360342219678,54,Modify Binary Resource,200,OK,Threadgroup 1-1,text,true,1044,54
1360342219758,45,Modify Binary Resource,200,OK,Threadgroup 1-1,text,true,1044,45
1360342220039,46,Modify Binary Resource,200,OK,Threadgroup 1-1,text,true,1044,46
1360342220115,48,Modify Binary Resource,200,OK,Threadgroup 1-1,text,true,1044,48
1360342220188,47,Modify Binary Resource,200,OK,Threadgroup 1-1,text,true,1044,47
1360342220265,49,Modify Binary Resource,200,OK,Threadgroup 1-1,text,true,1044,49
1360342220339,68,Modify Binary Resource,200,OK,Threadgroup 1-1,text,true,1046,68
1360342220436,180,Create Binary Resource,201,Created,Threadgroup 1-1,text,true,1120,180
1360342220646,50,Modify Binary Resource,200,OK,Threadgroup 1-1,text,true,1044,50
1360342220726,50,Modify Binary Resource,200,OK,Threadgroup 1-1,text,true,1044,50
1360342220805,51,Modify Binary Resource,200,OK,Threadgroup 1-1,text,true,1044,51
1360342220885,52,Modify Binary Resource,200,OK,Threadgroup 1-1,text,true,1044,52
1360342220966,55,Modify Binary Resource,200,OK,Threadgroup 1-1,text,true,1044,55
1360342221049,50,Modify Binary Resource,200,OK,Threadgroup 1-1,text,true,1044,50
1360342221127,52,Modify Binary Resource,200,OK,Threadgroup 1-1,text,true,1044,52
1360342221206,79,Modify Binary Resource,200,OK,Threadgroup 1-1,text,true,1044,79
1360342221315,53,Modify Binary Resource,200,OK,Threadgroup 1-1,text,true,1044,53
1360342221396,53,Modify Binary Resource,200,OK,Threadgroup 1-1,text,true,1046,53
1360342221477,55,Create Binary Resource,201,Created,Threadgroup 1-1,text,true,1120,55
1360342221558,54,Modify Binary Resource,200,OK,Threadgroup 1-1,text,true,1044,54
1360342221638,54,Modify Binary Resource,200,OK,Threadgroup 1-1,text,true,1044,54
1360342221718,54,Modify Binary Resource,200,OK,Threadgroup 1-1,text,true,1044,54
1360342221798,55,Modify Binary Resource,200,OK,Threadgroup 1-1,text,true,1044,55
1360342221911,73,Modify Binary Resource,200,OK,Threadgroup 1-1,text,true,1044,73
1360342222008,56,Modify Binary Resource,200,OK,Threadgroup 1-1,text,true,1044,56
1360342222089,51,Modify Binary Resource,200,OK,Threadgroup 1-1,text,true,1063,51
1360342222167,52,Modify Binary Resource,200,OK,Threadgroup 1-1,text,true,1044,52
1360342222247,53,Modify Binary Resource,200,OK,Threadgroup 1-1,text,true,1044,53
1360342222328,52,Modify Binary Resource,200,OK,Threadgroup 1-1,text,true,1046,52
1360342222407,55,Create Binary Resource,201,Created,Threadgroup 1-1,text,true,1120,55
1360342222488,54,Modify Binary Resource,200,OK,Threadgroup 1-1,text,true,1044,54
1360342222568,68,Modify Binary Resource,200,OK,Threadgroup 1-1,text,true,1044,68
1360342222665,57,Modify Binary Resource,200,OK,Threadgroup 1-1,text,true,1044,57
1360342222748,57,Modify Binary Resource,200,OK,Threadgroup 1-1,text,true,1044,57
1360342222835,58,Modify Binary Resource,200,OK,Threadgroup 1-1,text,true,1044,58
1360342222918,56,Modify Binary Resource,200,OK,Threadgroup 1-1,text,true,1044,56
1360342223000,57,Modify Binary Resource,200,OK,Threadgroup 1-1,text,true,1044,57
1360342223086,95,Modify Binary Resource,200,OK,Threadgroup 1-1,text,true,1044,95
1360342223207,233,Modify Binary Resource,200,OK,Threadgroup 1-1,text,true,1044,233
1360342223467,61,Modify Binary Resource,200,OK,Threadgroup 1-1,text,true,1046,61
1360342223556,61,Create Binary Resource,201,Created,Threadgroup 1-1,text,true,1120,61
1360342223645,61,Modify Binary Resource,200,OK,Threadgroup 1-1,text,true,1044,61
1360342223735,62,Modify Binary Resource,200,OK,Threadgroup 1-1,text,true,1044,62
1360342223826,62,Modify Binary Resource,200,OK,Threadgroup 1-1,text,true,1044,61
1360342223917,61,Modify Binary Resource,200,OK,Threadgroup 1-1,text,true,1044,61
1360342224006,64,Modify Binary Resource,200,OK,Threadgroup 1-1,text,true,1044,64
1360342224673,75,Modify Binary Resource,200,OK,Threadgroup 1-1,text,true,1044,75
1360342224773,65,Modify Binary Resource,200,OK,Threadgroup 1-1,text,true,1044,65
1360342224864,65,Modify Binary Resource,200,OK,Threadgroup 1-1,text,true,1044,65
1360342224954,65,Modify Binary Resource,200,OK,Threadgroup 1-1,text,true,1044,65
1360342225044,66,Modify Binary Resource,200,OK,Threadgroup 1-1,text,true,1046,66
1360342225134,86,Create Binary Resource,201,Created,Threadgroup 1-1,text,true,1120,86
1360342225244,67,Modify Binary Resource,200,OK,Threadgroup 1-1,text,true,1044,67
1360342225334,68,Modify Binary Resource,200,OK,Threadgroup 1-1,text,true,1044,68
1360342225425,66,Modify Binary Resource,200,OK,Threadgroup 1-1,text,true,1044,66
1360342225514,97,Modify Binary Resource,200,OK,Threadgroup 1-1,text,true,1044,97
1360342225634,73,Modify Binary Resource,200,OK,Threadgroup 1-1,text,true,1044,73
1360342225733,90,Modify Binary Resource,200,OK,Threadgroup 1-1,text,true,1044,90
1360342225845,74,Modify Binary Resource,200,OK,Threadgroup 1-1,text,true,1044,74
1360342225944,74,Modify Binary Resource,200,OK,Threadgroup 1-1,text,true,1044,74
1360342226043,75,Modify Binary Resource,200,OK,Threadgroup 1-1,text,true,1044,75
1360342226143,77,Modify Binary Resource,200,OK,Threadgroup 1-1,text,true,1046,77
1360342226244,94,Create Binary Resource,201,Created,Threadgroup 1-1,text,true,1125,94
1360342226363,77,Modify Binary Resource,200,OK,Threadgroup 1-1,text,true,1048,77
1360342226464,79,Modify Binary Resource,200,OK,Threadgroup 1-1,text,true,1048,79
1360342226565,77,Modify Binary Resource,200,OK,Threadgroup 1-1,text,true,1048,77
1360342226666,84,Modify Binary Resource,200,OK,Threadgroup 1-1,text,true,1048,84
1360342226774,79,Modify Binary Resource,200,OK,Threadgroup 1-1,text,true,1048,79
1360342226895,95,Modify Binary Resource,200,OK,Threadgroup 1-1,text,true,1048,95
1360342227014,80,Modify Binary Resource,200,OK,Threadgroup 1-1,text,true,1048,79
1360342227116,78,Modify Binary Resource,200,OK,Threadgroup 1-1,text,true,1048,78
1360342227216,78,Modify Binary Resource,200,OK,Threadgroup 1-1,text,true,1048,78
1360342227316,79,Modify Binary Resource,200,OK,Threadgroup 1-1,text,true,1050,79
1360342227415,19,Get Object,200,OK,Threadgroup 1-1,text,true,2745,19
1360342227594,8,Read Binary Resource,200,OK,Threadgroup 1-1,text,true,7898,8
1360342227613,7,Read Binary Resource,200,OK,Threadgroup 1-1,text,true,7055,7
1360342227629,7,Read Binary Resource,200,OK,Threadgroup 1-1,text,true,7988,7
1360342227643,7,Read Binary Resource,200,OK,Threadgroup 1-1,text,true,8536,7
1360342227661,7,Read Binary Resource,200,OK,Threadgroup 1-1,text,true,9892,7
1360342227676,9,Read Binary Resource,200,OK,Threadgroup 1-1,text,true,8394,9
1360342227691,7,Read Binary Resource,200,OK,Threadgroup 1-1,text,true,8412,7
1360342227707,7,Read Binary Resource,200,OK,Threadgroup 1-1,text,true,6920,7
1360342227720,7,Read Binary Resource,200,OK,Threadgroup 1-1,text,true,7860,7
1360342227734,7,Read Binary Resource,200,OK,Threadgroup 1-1,text,true,8844,7
1360342227755,67,Delete Object,200,OK,Threadgroup 1-1,text,true,224,67
1360342227837,52,Create Object,201,Created,Threadgroup 1-1,text,true,280,52
1360342227911,34,Create Binary Resource,201,Created,Threadgroup 1-1,text,true,1120,34
1360342227972,32,Modify Binary Resource,200,OK,Threadgroup 1-1,text,true,1044,32
1360342228026,30,Modify Binary Resource,200,OK,Threadgroup 1-1,text,true,1044,30
1360342228083,32,Modify Binary Resource,200,OK,Threadgroup 1-1,text,true,1044,32
1360342228142,211,Modify Binary Resource,200,OK,Threadgroup 1-1,text,true,1044,211
1360342228376,31,Modify Binary Resource,200,OK,Threadgroup 1-1,text,true,1044,31
1360342228433,33,Modify Binary Resource,200,OK,Threadgroup 1-1,text,true,1044,33
1360342228493,33,Modify Binary Resource,200,OK,Threadgroup 1-1,text,true,1044,33
1360342228552,35,Modify Binary Resource,200,OK,Threadgroup 1-1,text,true,1044,35
1360342228613,56,Modify Binary Resource,200,OK,Threadgroup 1-1,text,true,1044,56
1360342228694,34,Modify Binary Resource,200,OK,Threadgroup 1-1,text,true,1046,34
1360342228754,36,Create Binary Resource,201,Created,Threadgroup 1-1,text,true,1120,36
1360342228814,35,Modify Binary Resource,200,OK,Threadgroup 1-1,text,true,1044,35
1360342228874,36,Modify Binary Resource,200,OK,Threadgroup 1-1,text,true,1044,36
1360342228934,36,Modify Binary Resource,200,OK,Threadgroup 1-1,text,true,1044,36
1360342228994,59,Modify Binary Resource,200,OK,Threadgroup 1-1,text,true,1044,59
1360342229075,37,Modify Binary Resource,200,OK,Threadgroup 1-1,text,true,1044,37
1360342229135,38,Modify Binary Resource,200,OK,Threadgroup 1-1,text,true,1044,38
1360342229195,38,Modify Binary Resource,200,OK,Threadgroup 1-1,text,true,1044,38
1360342229255,38,Modify Binary Resource,200,OK,Threadgroup 1-1,text,true,1044,38
1360342229316,43,Modify Binary Resource,200,OK,Threadgroup 1-1,text,true,1044,43
1360342229384,45,Modify Binary Resource,200,OK,Threadgroup 1-1,text,true,1046,45
1360342229454,43,Create Binary Resource,201,Created,Threadgroup 1-1,text,true,1120,43
1360342229523,42,Modify Binary Resource,200,OK,Threadgroup 1-1,text,true,1044,42
1360342229592,43,Modify Binary Resource,200,OK,Threadgroup 1-1,text,true,1044,42
1360342229656,41,Modify Binary Resource,200,OK,Threadgroup 1-1,text,true,1044,41
1360342229723,42,Modify Binary Resource,200,OK,Threadgroup 1-1,text,true,1044,42
1360342229792,43,Modify Binary Resource,200,OK,Threadgroup 1-1,text,true,1044,43
1360342229862,45,Modify Binary Resource,200,OK,Threadgroup 1-1,text,true,1044,45
1360342229933,62,Modify Binary Resource,200,OK,Threadgroup 1-1,text,true,1044,62
1360342230201,40,Modify Binary Resource,200,OK,Threadgroup 1-1,text,true,1044,40
1360342230265,39,Modify Binary Resource,200,OK,Threadgroup 1-1,text,true,1044,39
1360342230326,39,Modify Binary Resource,200,OK,Threadgroup 1-1,text,true,1046,39
1360342230392,43,Create Binary Resource,201,Created,Threadgroup 1-1,text,true,1120,43
1360342230462,43,Modify Binary Resource,200,OK,Threadgroup 1-1,text,true,1044,43
1360342230526,47,Modify Binary Resource,200,OK,Threadgroup 1-1,text,true,1044,47
1360342230596,95,Modify Binary Resource,200,OK,Threadgroup 1-1,text,true,1044,94
1360342230714,42,Modify Binary Resource,200,OK,Threadgroup 1-1,text,true,1044,42
1360342230782,44,Modify Binary Resource,200,OK,Threadgroup 1-1,text,true,1044,44
1360342230852,44,Modify Binary Resource,200,OK,Threadgroup 1-1,text,true,1044,44
1360342230922,72,Modify Binary Resource,200,OK,Threadgroup 1-1,text,true,1044,72
1360342231016,88,Modify Binary Resource,200,OK,Threadgroup 1-1,text,true,1044,88
1360342231127,43,Modify Binary Resource,200,OK,Threadgroup 1-1,text,true,1044,43
1360342231194,50,Modify Binary Resource,200,OK,Threadgroup 1-1,text,true,1046,50
1360342231266,96,Create Binary Resource,201,Created,Threadgroup 1-1,text,true,1120,96
1360342231385,51,Modify Binary Resource,200,OK,Threadgroup 1-1,text,true,1044,51
1360342231463,46,Modify Binary Resource,200,OK,Threadgroup 1-1,text,true,1044,46
1360342231534,46,Modify Binary Resource,200,OK,Threadgroup 1-1,text,true,1044,46
1360342231604,47,Modify Binary Resource,200,OK,Threadgroup 1-1,text,true,1044,47
1360342231675,65,Modify Binary Resource,200,OK,Threadgroup 1-1,text,true,1044,65
1360342231764,48,Modify Binary Resource,200,OK,Threadgroup 1-1,text,true,1044,48
1360342231835,61,Modify Binary Resource,200,OK,Threadgroup 1-1,text,true,1044,61
1360342231923,50,Modify Binary Resource,200,OK,Threadgroup 1-1,text,true,1044,50
1360342231996,52,Modify Binary Resource,200,OK,Threadgroup 1-1,text,true,1044,52
1360342232074,51,Modify Binary Resource,200,OK,Threadgroup 1-1,text,true,1046,51
1360342232152,63,Create Binary Resource,201,Created,Threadgroup 1-1,text,true,1120,63
1360342232242,55,Modify Binary Resource,200,OK,Threadgroup 1-1,text,true,1044,55
1360342232323,53,Modify Binary Resource,200,OK,Threadgroup 1-1,text,true,1044,53
1360342232403,72,Modify Binary Resource,200,OK,Threadgroup 1-1,text,true,1044,72
1360342232502,54,Modify Binary Resource,200,OK,Threadgroup 1-1,text,true,1044,54
1360342232583,54,Modify Binary Resource,200,OK,Threadgroup 1-1,text,true,1044,54
1360342232663,54,Modify Binary Resource,200,OK,Threadgroup 1-1,text,true,1044,54
1360342232743,60,Modify Binary Resource,200,OK,Threadgroup 1-1,text,true,1044,60
1360342232825,58,Modify Binary Resource,200,OK,Threadgroup 1-1,text,true,1044,58
1360342233062,62,Modify Binary Resource,200,OK,Threadgroup 1-1,text,true,1044,62
1360342233146,59,Modify Binary Resource,200,OK,Threadgroup 1-1,text,true,1046,59
1360342233232,75,Create Binary Resource,201,Created,Threadgroup 1-1,text,true,1120,75
1360342233333,197,Modify Binary Resource,200,OK,Threadgroup 1-1,text,true,1044,197
1360342233555,61,Modify Binary Resource,200,OK,Threadgroup 1-1,text,true,1044,61
1360342233643,62,Modify Binary Resource,200,OK,Threadgroup 1-1,text,true,1044,62
1360342233733,64,Modify Binary Resource,200,OK,Threadgroup 1-1,text,true,1044,64
1360342233823,64,Modify Binary Resource,200,OK,Threadgroup 1-1,text,true,1044,63
1360342233913,64,Modify Binary Resource,200,OK,Threadgroup 1-1,text,true,1044,64
1360342234003,81,Modify Binary Resource,200,OK,Threadgroup 1-1,text,true,1044,81
1360342234106,63,Modify Binary Resource,200,OK,Threadgroup 1-1,text,true,1044,63
1360342234194,64,Modify Binary Resource,200,OK,Threadgroup 1-1,text,true,1044,64
1360342234284,67,Modify Binary Resource,200,OK,Threadgroup 1-1,text,true,1046,67
1360342234375,67,Create Binary Resource,201,Created,Threadgroup 1-1,text,true,1120,66
1360342234465,107,Modify Binary Resource,200,OK,Threadgroup 1-1,text,true,1044,107
1360342234595,111,Modify Binary Resource,200,OK,Threadgroup 1-1,text,true,1044,111
1360342234733,68,Modify Binary Resource,200,OK,Threadgroup 1-1,text,true,1044,68
1360342234825,67,Modify Binary Resource,200,OK,Threadgroup 1-1,text,true,1044,67
1360342234915,67,Modify Binary Resource,200,OK,Threadgroup 1-1,text,true,1044,67
1360342235005,67,Modify Binary Resource,200,OK,Threadgroup 1-1,text,true,1044,67
1360342235096,67,Modify Binary Resource,200,OK,Threadgroup 1-1,text,true,1044,67
1360342235185,68,Modify Binary Resource,200,OK,Threadgroup 1-1,text,true,1044,68
1360342235276,85,Modify Binary Resource,200,OK,Threadgroup 1-1,text,true,1044,85
1360342235385,72,Modify Binary Resource,200,OK,Threadgroup 1-1,text,true,1046,72
1360342235483,74,Create Binary Resource,201,Created,Threadgroup 1-1,text,true,1120,74
1360342235583,72,Modify Binary Resource,200,OK,Threadgroup 1-1,text,true,1044,72
1360342235682,150,Modify Binary Resource,200,OK,Threadgroup 1-1,text,true,1044,150
1360342235855,76,Modify Binary Resource,200,OK,Threadgroup 1-1,text,true,1044,76
1360342235955,89,Modify Binary Resource,200,OK,Threadgroup 1-1,text,true,1044,89
1360342236066,72,Modify Binary Resource,200,OK,Threadgroup 1-1,text,true,1044,72
1360342236163,78,Modify Binary Resource,200,OK,Threadgroup 1-1,text,true,1044,78
1360342236265,78,Modify Binary Resource,200,OK,Threadgroup 1-1,text,true,1044,78
1360342236366,73,Modify Binary Resource,200,OK,Threadgroup 1-1,text,true,1044,73
1360342236622,92,Modify Binary Resource,200,OK,Threadgroup 1-1,text,true,1044,91
1360342236736,135,Modify Binary Resource,200,OK,Threadgroup 1-1,text,true,1046,135
1360342236895,76,Create Binary Resource,201,Created,Threadgroup 1-1,text,true,1125,76
1360342236995,76,Modify Binary Resource,200,OK,Threadgroup 1-1,text,true,1048,76
1360342237095,76,Modify Binary Resource,200,OK,Threadgroup 1-1,text,true,1048,76
1360342237195,76,Modify Binary Resource,200,OK,Threadgroup 1-1,text,true,1048,76
1360342237296,105,Modify Binary Resource,200,OK,Threadgroup 1-1,text,true,1048,105
1360342237425,78,Modify Binary Resource,200,OK,Threadgroup 1-1,text,true,1048,78
1360342237526,78,Modify Binary Resource,200,OK,Threadgroup 1-1,text,true,1048,78
1360342237626,78,Modify Binary Resource,200,OK,Threadgroup 1-1,text,true,1048,78
1360342237732,80,Modify Binary Resource,200,OK,Threadgroup 1-1,text,true,1048,80
1360342237835,96,Modify Binary Resource,200,OK,Threadgroup 1-1,text,true,1048,96
1360342237955,81,Modify Binary Resource,200,OK,Threadgroup 1-1,text,true,1050,81
1360342238054,20,Get Object,200,OK,Threadgroup 1-1,text,true,2745,20
1360342238083,6,Read Binary Resource,200,OK,Threadgroup 1-1,text,true,8535,6
1360342238095,7,Read Binary Resource,200,OK,Threadgroup 1-1,text,true,7572,7
1360342238108,7,Read Binary Resource,200,OK,Threadgroup 1-1,text,true,8690,7
1360342238122,7,Read Binary Resource,200,OK,Threadgroup 1-1,text,true,9092,7
1360342238137,7,Read Binary Resource,200,OK,Threadgroup 1-1,text,true,7155,7
1360342238151,7,Read Binary Resource,200,OK,Threadgroup 1-1,text,true,8435,6
1360342238166,7,Read Binary Resource,200,OK,Threadgroup 1-1,text,true,7905,7
1360342238179,7,Read Binary Resource,200,OK,Threadgroup 1-1,text,true,7441,7
1360342238193,7,Read Binary Resource,200,OK,Threadgroup 1-1,text,true,9425,7
1360342238211,7,Read Binary Resource,200,OK,Threadgroup 1-1,text,true,8553,7
1360342238232,60,Delete Object,200,OK,Threadgroup 1-1,text,true,224,60
1360342238307,41,Create Object,201,Created,Threadgroup 1-1,text,true,280,41
1360342238371,53,Create Binary Resource,201,Created,Threadgroup 1-1,text,true,1120,53
1360342238446,25,Modify Binary Resource,200,OK,Threadgroup 1-1,text,true,1044,25
1360342238495,528,Modify Binary Resource,200,OK,Threadgroup 1-1,text,true,1044,528
1360342239046,25,Modify Binary Resource,200,OK,Threadgroup 1-1,text,true,1044,25
1360342239095,26,Modify Binary Resource,200,OK,Threadgroup 1-1,text,true,1044,26
1360342239145,27,Modify Binary Resource,200,OK,Threadgroup 1-1,text,true,1044,27
1360342239195,27,Modify Binary Resource,200,OK,Threadgroup 1-1,text,true,1044,27
1360342239245,28,Modify Binary Resource,200,OK,Threadgroup 1-1,text,true,1044,28
1360342239296,27,Modify Binary Resource,200,OK,Threadgroup 1-1,text,true,1044,27
1360342239346,72,Modify Binary Resource,200,OK,Threadgroup 1-1,text,true,1044,72
1360342239444,30,Modify Binary Resource,200,OK,Threadgroup 1-1,text,true,1046,30
1360342239496,53,Create Binary Resource,201,Created,Threadgroup 1-1,text,true,1120,53
1360342239574,30,Modify Binary Resource,200,OK,Threadgroup 1-1,text,true,1044,30
1360342239632,32,Modify Binary Resource,200,OK,Threadgroup 1-1,text,true,1044,32
1360342239692,33,Modify Binary Resource,200,OK,Threadgroup 1-1,text,true,1044,33
1360342239752,33,Modify Binary Resource,200,OK,Threadgroup 1-1,text,true,1044,33
1360342239968,30,Modify Binary Resource,200,OK,Threadgroup 1-1,text,true,1044,30
1360342240024,32,Modify Binary Resource,200,OK,Threadgroup 1-1,text,true,1044,32
1360342240083,34,Modify Binary Resource,200,OK,Threadgroup 1-1,text,true,1044,34
1360342240143,34,Modify Binary Resource,200,OK,Threadgroup 1-1,text,true,1044,34
1360342240203,35,Modify Binary Resource,200,OK,Threadgroup 1-1,text,true,1044,35
1360342240264,35,Modify Binary Resource,200,OK,Threadgroup 1-1,text,true,1046,35
1360342240325,35,Create Binary Resource,201,Created,Threadgroup 1-1,text,true,1120,35
1360342240385,35,Modify Binary Resource,200,OK,Threadgroup 1-1,text,true,1044,35
1360342240445,38,Modify Binary Resource,200,OK,Threadgroup 1-1,text,true,1044,38
1360342240506,53,Modify Binary Resource,200,OK,Threadgroup 1-1,text,true,1044,53
1360342240584,43,Modify Binary Resource,200,OK,Threadgroup 1-1,text,true,1044,43
1360342240653,89,Modify Binary Resource,200,OK,Threadgroup 1-1,text,true,1063,89
1360342240766,96,Modify Binary Resource,200,OK,Threadgroup 1-1,text,true,1044,96
1360342240886,37,Modify Binary Resource,200,OK,Threadgroup 1-1,text,true,1044,37
1360342240946,48,Modify Binary Resource,200,OK,Threadgroup 1-1,text,true,1044,48
1360342241017,42,Modify Binary Resource,200,OK,Threadgroup 1-1,text,true,1044,42
1360342241084,45,Modify Binary Resource,200,OK,Threadgroup 1-1,text,true,1046,45
1360342241154,46,Create Binary Resource,201,Created,Threadgroup 1-1,text,true,1120,46
1360342241225,44,Modify Binary Resource,200,OK,Threadgroup 1-1,text,true,1044,44
1360342241295,45,Modify Binary Resource,200,OK,Threadgroup 1-1,text,true,1044,45
1360342241365,46,Modify Binary Resource,200,OK,Threadgroup 1-1,text,true,1044,46
1360342241435,63,Modify Binary Resource,200,OK,Threadgroup 1-1,text,true,1044,63
1360342241524,47,Modify Binary Resource,200,OK,Threadgroup 1-1,text,true,1044,47
1360342241595,47,Modify Binary Resource,200,OK,Threadgroup 1-1,text,true,1044,47
1360342241666,47,Modify Binary Resource,200,OK,Threadgroup 1-1,text,true,1044,47
1360342241736,47,Modify Binary Resource,200,OK,Threadgroup 1-1,text,true,1044,47
1360342241806,47,Modify Binary Resource,200,OK,Threadgroup 1-1,text,true,1044,47
1360342241876,48,Modify Binary Resource,200,OK,Threadgroup 1-1,text,true,1046,48
1360342241947,52,Create Binary Resource,201,Created,Threadgroup 1-1,text,true,1120,52
1360342242032,82,Modify Binary Resource,200,OK,Threadgroup 1-1,text,true,1044,82
1360342242137,239,Modify Binary Resource,200,OK,Threadgroup 1-1,text,true,1044,238
1360342242403,52,Modify Binary Resource,200,OK,Threadgroup 1-1,text,true,1044,52
1360342242483,52,Modify Binary Resource,200,OK,Threadgroup 1-1,text,true,1044,52
1360342242563,53,Modify Binary Resource,200,OK,Threadgroup 1-1,text,true,1044,53
1360342242796,52,Modify Binary Resource,200,OK,Threadgroup 1-1,text,true,1044,52
1360342242874,53,Modify Binary Resource,200,OK,Threadgroup 1-1,text,true,1044,53
1360342242954,54,Modify Binary Resource,200,OK,Threadgroup 1-1,text,true,1044,54
1360342243034,54,Modify Binary Resource,200,OK,Threadgroup 1-1,text,true,1044,54
1360342243115,55,Modify Binary Resource,200,OK,Threadgroup 1-1,text,true,1046,55
1360342243195,70,Create Binary Resource,201,Created,Threadgroup 1-1,text,true,1120,70
1360342243293,56,Modify Binary Resource,200,OK,Threadgroup 1-1,text,true,1044,56
1360342243375,55,Modify Binary Resource,200,OK,Threadgroup 1-1,text,true,1044,55
1360342243455,56,Modify Binary Resource,200,OK,Threadgroup 1-1,text,true,1044,56
1360342243535,56,Modify Binary Resource,200,OK,Threadgroup 1-1,text,true,1044,56
1360342243616,57,Modify Binary Resource,200,OK,Threadgroup 1-1,text,true,1044,57
1360342243696,57,Modify Binary Resource,200,OK,Threadgroup 1-1,text,true,1044,57
1360342243777,56,Modify Binary Resource,200,OK,Threadgroup 1-1,text,true,1044,56
1360342243856,75,Modify Binary Resource,200,OK,Threadgroup 1-1,text,true,1044,75
1360342243955,60,Modify Binary Resource,200,OK,Threadgroup 1-1,text,true,1044,60
1360342244043,60,Modify Binary Resource,200,OK,Threadgroup 1-1,text,true,1046,60
1360342244126,60,Create Binary Resource,201,Created,Threadgroup 1-1,text,true,1120,60
1360342244213,62,Modify Binary Resource,200,OK,Threadgroup 1-1,text,true,1044,62
1360342244303,62,Modify Binary Resource,200,OK,Threadgroup 1-1,text,true,1044,62
1360342244393,65,Modify Binary Resource,200,OK,Threadgroup 1-1,text,true,1044,65
1360342244484,62,Modify Binary Resource,200,OK,Threadgroup 1-1,text,true,1044,62
1360342244573,64,Modify Binary Resource,200,OK,Threadgroup 1-1,text,true,1044,64
1360342244663,71,Modify Binary Resource,200,OK,Threadgroup 1-1,text,true,1044,71
1360342244756,62,Modify Binary Resource,200,OK,Threadgroup 1-1,text,true,1044,62
1360342244844,64,Modify Binary Resource,200,OK,Threadgroup 1-1,text,true,1044,64
1360342244934,64,Modify Binary Resource,200,OK,Threadgroup 1-1,text,true,1044,64
1360342245025,64,Modify Binary Resource,200,OK,Threadgroup 1-1,text,true,1046,64
1360342245115,80,Create Binary Resource,201,Created,Threadgroup 1-1,text,true,1139,80
1360342245223,67,Modify Binary Resource,200,OK,Threadgroup 1-1,text,true,1044,67
1360342245315,74,Modify Binary Resource,200,OK,Threadgroup 1-1,text,true,1044,74
1360342245415,61,Modify Binary Resource,200,OK,Threadgroup 1-1,text,true,1044,61
1360342245503,64,Modify Binary Resource,200,OK,Threadgroup 1-1,text,true,1044,64
1360342245594,63,Modify Binary Resource,200,OK,Threadgroup 1-1,text,true,1044,63
1360342245684,66,Modify Binary Resource,200,OK,Threadgroup 1-1,text,true,1044,66
1360342245939,101,Modify Binary Resource,200,OK,Threadgroup 1-1,text,true,1044,100
1360342246065,65,Modify Binary Resource,200,OK,Threadgroup 1-1,text,true,1044,65
1360342246155,66,Modify Binary Resource,200,OK,Threadgroup 1-1,text,true,1044,66
1360342246245,65,Modify Binary Resource,200,OK,Threadgroup 1-1,text,true,1046,65
1360342246336,65,Create Binary Resource,201,Created,Threadgroup 1-1,text,true,1120,65
1360342246426,65,Modify Binary Resource,200,OK,Threadgroup 1-1,text,true,1044,65
1360342246516,86,Modify Binary Resource,200,OK,Threadgroup 1-1,text,true,1044,86
1360342246626,66,Modify Binary Resource,200,OK,Threadgroup 1-1,text,true,1044,66
1360342246716,66,Modify Binary Resource,200,OK,Threadgroup 1-1,text,true,1044,66
1360342246806,67,Modify Binary Resource,200,OK,Threadgroup 1-1,text,true,1044,66
1360342246896,68,Modify Binary Resource,200,OK,Threadgroup 1-1,text,true,1044,68
1360342246987,67,Modify Binary Resource,200,OK,Threadgroup 1-1,text,true,1044,67
1360342247077,87,Modify Binary Resource,200,OK,Threadgroup 1-1,text,true,1044,87
1360342247186,69,Modify Binary Resource,200,OK,Threadgroup 1-1,text,true,1044,69
1360342247283,71,Modify Binary Resource,200,OK,Threadgroup 1-1,text,true,1046,71
1360342247382,73,Create Binary Resource,201,Created,Threadgroup 1-1,text,true,1125,73
1360342247483,72,Modify Binary Resource,200,OK,Threadgroup 1-1,text,true,1048,72
1360342247583,73,Modify Binary Resource,200,OK,Threadgroup 1-1,text,true,1048,73
1360342247683,86,Modify Binary Resource,200,OK,Threadgroup 1-1,text,true,1048,86
1360342247795,73,Modify Binary Resource,200,OK,Threadgroup 1-1,text,true,1048,73
1360342247894,74,Modify Binary Resource,200,OK,Threadgroup 1-1,text,true,1048,74
1360342247994,74,Modify Binary Resource,200,OK,Threadgroup 1-1,text,true,1048,74
1360342248095,74,Modify Binary Resource,200,OK,Threadgroup 1-1,text,true,1048,74
1360342248195,97,Modify Binary Resource,200,OK,Threadgroup 1-1,text,true,1048,97
1360342248316,74,Modify Binary Resource,200,OK,Threadgroup 1-1,text,true,1048,74
1360342248415,75,Modify Binary Resource,200,OK,Threadgroup 1-1,text,true,1050,75
1360342248506,18,Get Object,200,OK,Threadgroup 1-1,text,true,2745,18
1360342248540,7,Read Binary Resource,200,OK,Threadgroup 1-1,text,true,9794,7
1360342248555,8,Read Binary Resource,200,OK,Threadgroup 1-1,text,true,7353,8
1360342248569,7,Read Binary Resource,200,OK,Threadgroup 1-1,text,true,8028,7
1360342248584,7,Read Binary Resource,200,OK,Threadgroup 1-1,text,true,8030,7
1360342248600,7,Read Binary Resource,200,OK,Threadgroup 1-1,text,true,7558,7
1360342248615,7,Read Binary Resource,200,OK,Threadgroup 1-1,text,true,7694,7
1360342248629,7,Read Binary Resource,200,OK,Threadgroup 1-1,text,true,7947,7
1360342248643,7,Read Binary Resource,200,OK,Threadgroup 1-1,text,true,7418,7
1360342248659,7,Read Binary Resource,200,OK,Threadgroup 1-1,text,true,9688,7
1360342248674,8,Read Binary Resource,200,OK,Threadgroup 1-1,text,true,7317,8
1360342248696,52,Delete Object,200,OK,Threadgroup 1-1,text,true,224,52
1360342248765,51,Create Object,201,Created,Threadgroup 1-1,text,true,280,51
1360342248840,34,Create Binary Resource,201,Created,Threadgroup 1-1,text,true,1120,34
1360342248897,28,Modify Binary Resource,200,OK,Threadgroup 1-1,text,true,1044,28
1360342248954,30,Modify Binary Resource,200,OK,Threadgroup 1-1,text,true,1044,30
1360342249172,34,Modify Binary Resource,200,OK,Threadgroup 1-1,text,true,1044,34
1360342249233,33,Modify Binary Resource,200,OK,Threadgroup 1-1,text,true,1044,33
1360342249293,37,Modify Binary Resource,200,OK,Threadgroup 1-1,text,true,1044,37
1360342249355,49,Modify Binary Resource,200,OK,Threadgroup 1-1,text,true,1044,49
1360342249433,34,Modify Binary Resource,200,OK,Threadgroup 1-1,text,true,1044,34
1360342249494,33,Modify Binary Resource,200,OK,Threadgroup 1-1,text,true,1044,33
1360342249554,34,Modify Binary Resource,200,OK,Threadgroup 1-1,text,true,1044,34
1360342249615,38,Modify Binary Resource,200,OK,Threadgroup 1-1,text,true,1046,38
1360342249676,35,Create Binary Resource,201,Created,Threadgroup 1-1,text,true,1120,35
1360342249736,42,Modify Binary Resource,200,OK,Threadgroup 1-1,text,true,1044,42
1360342249805,35,Modify Binary Resource,200,OK,Threadgroup 1-1,text,true,1044,35
1360342249865,35,Modify Binary Resource,200,OK,Threadgroup 1-1,text,true,1044,35
1360342249926,35,Modify Binary Resource,200,OK,Threadgroup 1-1,text,true,1044,35
1360342249987,35,Modify Binary Resource,200,OK,Threadgroup 1-1,text,true,1044,35
1360342250046,36,Modify Binary Resource,200,OK,Threadgroup 1-1,text,true,1044,36
1360342250106,37,Modify Binary Resource,200,OK,Threadgroup 1-1,text,true,1044,37
1360342250172,40,Modify Binary Resource,200,OK,Threadgroup 1-1,text,true,1044,40
1360342250236,37,Modify Binary Resource,200,OK,Threadgroup 1-1,text,true,1044,37
1360342250297,37,Modify Binary Resource,200,OK,Threadgroup 1-1,text,true,1046,37
1360342250363,42,Create Binary Resource,201,Created,Threadgroup 1-1,text,true,1121,42
1360342250433,41,Modify Binary Resource,200,OK,Threadgroup 1-1,text,true,1045,41
1360342250497,108,Modify Binary Resource,200,OK,Threadgroup 1-1,text,true,1045,108
1360342250633,48,Modify Binary Resource,200,OK,Threadgroup 1-1,text,true,1045,48
1360342250705,49,Modify Binary Resource,200,OK,Threadgroup 1-1,text,true,1045,49
1360342250777,41,Modify Binary Resource,200,OK,Threadgroup 1-1,text,true,1045,41
1360342250844,43,Modify Binary Resource,200,OK,Threadgroup 1-1,text,true,1045,43
1360342250914,43,Modify Binary Resource,200,OK,Threadgroup 1-1,text,true,1045,43
1360342250984,43,Modify Binary Resource,200,OK,Threadgroup 1-1,text,true,1045,43
1360342251054,44,Modify Binary Resource,200,OK,Threadgroup 1-1,text,true,1045,44
1360342251124,50,Modify Binary Resource,200,OK,Threadgroup 1-1,text,true,1047,50
1360342251197,64,Create Binary Resource,201,Created,Threadgroup 1-1,text,true,1120,64
1360342251286,44,Modify Binary Resource,200,OK,Threadgroup 1-1,text,true,1044,44
1360342251355,46,Modify Binary Resource,200,OK,Threadgroup 1-1,text,true,1044,46
1360342251426,46,Modify Binary Resource,200,OK,Threadgroup 1-1,text,true,1044,46
1360342251496,46,Modify Binary Resource,200,OK,Threadgroup 1-1,text,true,1044,46
1360342251566,46,Modify Binary Resource,200,OK,Threadgroup 1-1,text,true,1044,46
1360342251806,48,Modify Binary Resource,200,OK,Threadgroup 1-1,text,true,1044,48
1360342251883,53,Modify Binary Resource,200,OK,Threadgroup 1-1,text,true,1044,53
1360342251964,49,Modify Binary Resource,200,OK,Threadgroup 1-1,text,true,1044,49
1360342252037,48,Modify Binary Resource,200,OK,Threadgroup 1-1,text,true,1044,48
1360342252121,47,Modify Binary Resource,200,OK,Threadgroup 1-1,text,true,1046,47
1360342252195,71,Create Binary Resource,201,Created,Threadgroup 1-1,text,true,1120,71
1360342252294,51,Modify Binary Resource,200,OK,Threadgroup 1-1,text,true,1044,51
1360342252373,52,Modify Binary Resource,200,OK,Threadgroup 1-1,text,true,1044,52
1360342252453,53,Modify Binary Resource,200,OK,Threadgroup 1-1,text,true,1044,53
1360342252534,52,Modify Binary Resource,200,OK,Threadgroup 1-1,text,true,1044,52
1360342252614,53,Modify Binary Resource,200,OK,Threadgroup 1-1,text,true,1044,53
1360342252694,54,Modify Binary Resource,200,OK,Threadgroup 1-1,text,true,1044,54
1360342252780,50,Modify Binary Resource,200,OK,Threadgroup 1-1,text,true,1044,50
1360342252855,54,Modify Binary Resource,200,OK,Threadgroup 1-1,text,true,1044,54
1360342252935,73,Modify Binary Resource,200,OK,Threadgroup 1-1,text,true,1044,73
1360342253045,55,Modify Binary Resource,200,OK,Threadgroup 1-1,text,true,1046,55
1360342253128,55,Create Binary Resource,201,Created,Threadgroup 1-1,text,true,1120,55
1360342253207,57,Modify Binary Resource,200,OK,Threadgroup 1-1,text,true,1044,57
1360342253301,52,Modify Binary Resource,200,OK,Threadgroup 1-1,text,true,1044,52
1360342253378,55,Modify Binary Resource,200,OK,Threadgroup 1-1,text,true,1044,55
1360342253458,55,Modify Binary Resource,200,OK,Threadgroup 1-1,text,true,1044,55
1360342253538,59,Modify Binary Resource,200,OK,Threadgroup 1-1,text,true,1044,59
1360342253625,82,Modify Binary Resource,200,OK,Threadgroup 1-1,text,true,1044,82
1360342253740,50,Modify Binary Resource,200,OK,Threadgroup 1-1,text,true,1044,50
1360342253816,53,Modify Binary Resource,200,OK,Threadgroup 1-1,text,true,1044,53
1360342253896,53,Modify Binary Resource,200,OK,Threadgroup 1-1,text,true,1044,53
1360342253976,76,Modify Binary Resource,200,OK,Threadgroup 1-1,text,true,1046,76
1360342254077,586,Create Binary Resource,201,Created,Threadgroup 1-1,text,true,1120,586
1360342254688,682,Modify Binary Resource,200,OK,Threadgroup 1-1,text,true,1044,682
1360342255396,104,Modify Binary Resource,200,OK,Threadgroup 1-1,text,true,1044,104
1360342255526,57,Modify Binary Resource,200,OK,Threadgroup 1-1,text,true,1044,56
1360342255607,112,Modify Binary Resource,200,OK,Threadgroup 1-1,text,true,1044,112
1360342255745,57,Modify Binary Resource,200,OK,Threadgroup 1-1,text,true,1044,57
1360342255827,56,Modify Binary Resource,200,OK,Threadgroup 1-1,text,true,1044,56
1360342255907,57,Modify Binary Resource,200,OK,Threadgroup 1-1,text,true,1044,56
1360342256187,57,Modify Binary Resource,200,OK,Threadgroup 1-1,text,true,1044,57
1360342256273,77,Modify Binary Resource,200,OK,Threadgroup 1-1,text,true,1044,77
1360342256376,60,Modify Binary Resource,200,OK,Threadgroup 1-1,text,true,1046,60
1360342256464,62,Create Binary Resource,201,Created,Threadgroup 1-1,text,true,1120,62
1360342256554,61,Modify Binary Resource,200,OK,Threadgroup 1-1,text,true,1044,61
1360342256644,64,Modify Binary Resource,200,OK,Threadgroup 1-1,text,true,1044,64
1360342256735,66,Modify Binary Resource,200,OK,Threadgroup 1-1,text,true,1044,65
1360342256826,65,Modify Binary Resource,200,OK,Threadgroup 1-1,text,true,1044,65
1360342256916,84,Modify Binary Resource,200,OK,Threadgroup 1-1,text,true,1044,84
1360342257026,67,Modify Binary Resource,200,OK,Threadgroup 1-1,text,true,1044,67
1360342257118,66,Modify Binary Resource,200,OK,Threadgroup 1-1,text,true,1044,66
1360342257213,70,Modify Binary Resource,200,OK,Threadgroup 1-1,text,true,1044,70
1360342257307,68,Modify Binary Resource,200,OK,Threadgroup 1-1,text,true,1044,68
1360342257403,70,Modify Binary Resource,200,OK,Threadgroup 1-1,text,true,1046,70
1360342257498,86,Create Binary Resource,201,Created,Threadgroup 1-1,text,true,1120,86
1360342257608,68,Modify Binary Resource,200,OK,Threadgroup 1-1,text,true,1044,68
1360342257704,72,Modify Binary Resource,200,OK,Threadgroup 1-1,text,true,1044,72
1360342257804,72,Modify Binary Resource,200,OK,Threadgroup 1-1,text,true,1044,72
1360342257904,72,Modify Binary Resource,200,OK,Threadgroup 1-1,text,true,1044,72
1360342258004,133,Modify Binary Resource,200,OK,Threadgroup 1-1,text,true,1044,133
1360342258165,90,Modify Binary Resource,200,OK,Threadgroup 1-1,text,true,1044,90
1360342258284,73,Modify Binary Resource,200,OK,Threadgroup 1-1,text,true,1044,73
1360342258385,73,Modify Binary Resource,200,OK,Threadgroup 1-1,text,true,1044,73
1360342258485,74,Modify Binary Resource,200,OK,Threadgroup 1-1,text,true,1044,74
1360342258585,75,Modify Binary Resource,200,OK,Threadgroup 1-1,text,true,1046,75
1360342258686,76,Create Binary Resource,201,Created,Threadgroup 1-1,text,true,1125,76
1360342258786,92,Modify Binary Resource,200,OK,Threadgroup 1-1,text,true,1048,92
1360342258905,76,Modify Binary Resource,200,OK,Threadgroup 1-1,text,true,1048,76
1360342259006,76,Modify Binary Resource,200,OK,Threadgroup 1-1,text,true,1048,76
1360342259107,76,Modify Binary Resource,200,OK,Threadgroup 1-1,text,true,1048,76
1360342259207,76,Modify Binary Resource,200,OK,Threadgroup 1-1,text,true,1048,76
1360342259307,104,Modify Binary Resource,200,OK,Threadgroup 1-1,text,true,1048,104
1360342259436,78,Modify Binary Resource,200,OK,Threadgroup 1-1,text,true,1048,78
1360342259544,79,Modify Binary Resource,200,OK,Threadgroup 1-1,text,true,1048,79
1360342259648,77,Modify Binary Resource,200,OK,Threadgroup 1-1,text,true,1048,77
1360342259754,80,Modify Binary Resource,200,OK,Threadgroup 1-1,text,true,1050,80
1360342259854,19,Get Object,200,OK,Threadgroup 1-1,text,true,2764,19
1360342260058,10,Read Binary Resource,200,OK,Threadgroup 1-1,text,true,8891,10
1360342260082,7,Read Binary Resource,200,OK,Threadgroup 1-1,text,true,8782,7
1360342260099,7,Read Binary Resource,200,OK,Threadgroup 1-1,text,true,10765,7
1360342260115,7,Read Binary Resource,200,OK,Threadgroup 1-1,text,true,9553,7
1360342260129,7,Read Binary Resource,200,OK,Threadgroup 1-1,text,true,9220,7
1360342260145,7,Read Binary Resource,200,OK,Threadgroup 1-1,text,true,7862,7
1360342260159,7,Read Binary Resource,200,OK,Threadgroup 1-1,text,true,8766,7
1360342260174,8,Read Binary Resource,200,OK,Threadgroup 1-1,text,true,8903,8
1360342260188,7,Read Binary Resource,200,OK,Threadgroup 1-1,text,true,8206,7
1360342260203,8,Read Binary Resource,200,OK,Threadgroup 1-1,text,true,9106,8
1360342260227,55,Delete Object,200,OK,Threadgroup 1-1,text,true,224,55
1360342260297,75,Create Object,201,Created,Threadgroup 1-1,text,true,280,75
1360342260393,74,Create Binary Resource,201,Created,Threadgroup 1-1,text,true,1120,74
1360342260495,29,Modify Binary Resource,200,OK,Threadgroup 1-1,text,true,1044,29
1360342260553,31,Modify Binary Resource,200,OK,Threadgroup 1-1,text,true,1044,31
1360342260613,32,Modify Binary Resource,200,OK,Threadgroup 1-1,text,true,1044,32
1360342260674,32,Modify Binary Resource,200,OK,Threadgroup 1-1,text,true,1044,32
1360342260734,79,Modify Binary Resource,200,OK,Threadgroup 1-1,text,true,1044,79
1360342260837,30,Modify Binary Resource,200,OK,Threadgroup 1-1,text,true,1044,30
1360342260895,32,Modify Binary Resource,200,OK,Threadgroup 1-1,text,true,1044,32
1360342260955,32,Modify Binary Resource,200,OK,Threadgroup 1-1,text,true,1044,32
1360342261015,33,Modify Binary Resource,200,OK,Threadgroup 1-1,text,true,1044,33
1360342261075,34,Modify Binary Resource,200,OK,Threadgroup 1-1,text,true,1046,34
1360342261136,34,Create Binary Resource,201,Created,Threadgroup 1-1,text,true,1120,34
1360342261196,34,Modify Binary Resource,200,OK,Threadgroup 1-1,text,true,1044,34
1360342261256,34,Modify Binary Resource,200,OK,Threadgroup 1-1,text,true,1044,34
1360342261316,35,Modify Binary Resource,200,OK,Threadgroup 1-1,text,true,1044,35
1360342261376,36,Modify Binary Resource,200,OK,Threadgroup 1-1,text,true,1044,36
1360342261437,55,Modify Binary Resource,200,OK,Threadgroup 1-1,text,true,1044,55
1360342261517,37,Modify Binary Resource,200,OK,Threadgroup 1-1,text,true,1044,37
1360342261583,40,Modify Binary Resource,200,OK,Threadgroup 1-1,text,true,1044,40
1360342261647,38,Modify Binary Resource,200,OK,Threadgroup 1-1,text,true,1044,38
1360342261714,40,Modify Binary Resource,200,OK,Threadgroup 1-1,text,true,1044,40
1360342261783,41,Modify Binary Resource,200,OK,Threadgroup 1-1,text,true,1046,41
1360342261853,42,Create Binary Resource,201,Created,Threadgroup 1-1,text,true,1120,42
1360342261924,38,Modify Binary Resource,200,OK,Threadgroup 1-1,text,true,1044,38
1360342261988,38,Modify Binary Resource,200,OK,Threadgroup 1-1,text,true,1044,38
1360342262054,41,Modify Binary Resource,200,OK,Threadgroup 1-1,text,true,1044,41
1360342262126,41,Modify Binary Resource,200,OK,Threadgroup 1-1,text,true,1044,41
1360342262195,41,Modify Binary Resource,200,OK,Threadgroup 1-1,text,true,1044,41
1360342262265,41,Modify Binary Resource,200,OK,Threadgroup 1-1,text,true,1044,41
1360342262335,61,Modify Binary Resource,200,OK,Threadgroup 1-1,text,true,1044,60
1360342262424,44,Modify Binary Resource,200,OK,Threadgroup 1-1,text,true,1044,44
1360342262495,43,Modify Binary Resource,200,OK,Threadgroup 1-1,text,true,1044,43
1360342262738,43,Modify Binary Resource,200,OK,Threadgroup 1-1,text,true,1046,43
1360342262807,44,Create Binary Resource,201,Created,Threadgroup 1-1,text,true,1120,44
1360342262877,44,Modify Binary Resource,200,OK,Threadgroup 1-1,text,true,1044,44
1360342262946,47,Modify Binary Resource,200,OK,Threadgroup 1-1,text,true,1044,47
1360342263017,45,Modify Binary Resource,200,OK,Threadgroup 1-1,text,true,1044,45
1360342263087,45,Modify Binary Resource,200,OK,Threadgroup 1-1,text,true,1044,45
1360342263157,45,Modify Binary Resource,200,OK,Threadgroup 1-1,text,true,1044,45
1360342263228,45,Modify Binary Resource,200,OK,Threadgroup 1-1,text,true,1044,45
1360342263298,64,Modify Binary Resource,200,OK,Threadgroup 1-1,text,true,1044,64
1360342263387,47,Modify Binary Resource,200,OK,Threadgroup 1-1,text,true,1044,47
1360342263458,47,Modify Binary Resource,200,OK,Threadgroup 1-1,text,true,1063,47
1360342263534,50,Modify Binary Resource,200,OK,Threadgroup 1-1,text,true,1046,50
1360342263614,52,Create Binary Resource,201,Created,Threadgroup 1-1,text,true,1120,52
1360342263694,51,Modify Binary Resource,200,OK,Threadgroup 1-1,text,true,1044,51
1360342263774,52,Modify Binary Resource,200,OK,Threadgroup 1-1,text,true,1044,52
1360342263855,50,Modify Binary Resource,200,OK,Threadgroup 1-1,text,true,1044,50
1360342263934,47,Modify Binary Resource,200,OK,Threadgroup 1-1,text,true,1044,47
1360342264007,63,Modify Binary Resource,200,OK,Threadgroup 1-1,text,true,1044,63
1360342264096,48,Modify Binary Resource,200,OK,Threadgroup 1-1,text,true,1044,48
1360342264174,48,Modify Binary Resource,200,OK,Threadgroup 1-1,text,true,1044,48
1360342264247,48,Modify Binary Resource,200,OK,Threadgroup 1-1,text,true,1044,48
1360342264324,49,Modify Binary Resource,200,OK,Threadgroup 1-1,text,true,1044,49
1360342264398,47,Modify Binary Resource,200,OK,Threadgroup 1-1,text,true,1046,47
1360342264474,51,Create Binary Resource,201,Created,Threadgroup 1-1,text,true,1120,51
1360342264555,49,Modify Binary Resource,200,OK,Threadgroup 1-1,text,true,1044,49
1360342264634,51,Modify Binary Resource,200,OK,Threadgroup 1-1,text,true,1044,51
1360342264714,72,Modify Binary Resource,200,OK,Threadgroup 1-1,text,true,1044,71
1360342264815,52,Modify Binary Resource,200,OK,Threadgroup 1-1,text,true,1044,52
1360342264895,52,Modify Binary Resource,200,OK,Threadgroup 1-1,text,true,1044,52
1360342264975,53,Modify Binary Resource,200,OK,Threadgroup 1-1,text,true,1044,53
1360342265055,57,Modify Binary Resource,200,OK,Threadgroup 1-1,text,true,1044,57
1360342265138,64,Modify Binary Resource,200,OK,Threadgroup 1-1,text,true,1044,64
1360342265228,57,Modify Binary Resource,200,OK,Threadgroup 1-1,text,true,1044,57
1360342265314,59,Modify Binary Resource,200,OK,Threadgroup 1-1,text,true,1046,59
1360342265398,213,Create Binary Resource,201,Created,Threadgroup 1-1,text,true,1120,213
1360342265637,60,Modify Binary Resource,200,OK,Threadgroup 1-1,text,true,1044,59
1360342265726,66,Modify Binary Resource,200,OK,Threadgroup 1-1,text,true,1044,66
1360342265990,65,Modify Binary Resource,200,OK,Threadgroup 1-1,text,true,1044,65
1360342266085,61,Modify Binary Resource,200,OK,Threadgroup 1-1,text,true,1044,61
1360342266175,62,Modify Binary Resource,200,OK,Threadgroup 1-1,text,true,1044,62
1360342266265,62,Modify Binary Resource,200,OK,Threadgroup 1-1,text,true,1044,62
1360342266355,80,Modify Binary Resource,200,OK,Threadgroup 1-1,text,true,1044,80
1360342266467,63,Modify Binary Resource,200,OK,Threadgroup 1-1,text,true,1044,63
1360342266557,63,Modify Binary Resource,200,OK,Threadgroup 1-1,text,true,1044,63
1360342266647,63,Modify Binary Resource,200,OK,Threadgroup 1-1,text,true,1046,63
1360342266737,65,Create Binary Resource,201,Created,Threadgroup 1-1,text,true,1120,65
1360342266827,65,Modify Binary Resource,200,OK,Threadgroup 1-1,text,true,1044,65
1360342266917,65,Modify Binary Resource,200,OK,Threadgroup 1-1,text,true,1044,65
1360342267007,85,Modify Binary Resource,200,OK,Threadgroup 1-1,text,true,1044,85
1360342267117,65,Modify Binary Resource,200,OK,Threadgroup 1-1,text,true,1044,65
1360342267210,70,Modify Binary Resource,200,OK,Threadgroup 1-1,text,true,1044,70
1360342267307,66,Modify Binary Resource,200,OK,Threadgroup 1-1,text,true,1044,66
1360342267398,67,Modify Binary Resource,200,OK,Threadgroup 1-1,text,true,1044,67
1360342267494,70,Modify Binary Resource,200,OK,Threadgroup 1-1,text,true,1044,69
1360342267594,96,Modify Binary Resource,200,OK,Threadgroup 1-1,text,true,1044,95
1360342267716,69,Modify Binary Resource,200,OK,Threadgroup 1-1,text,true,1046,69
1360342267814,71,Create Binary Resource,201,Created,Threadgroup 1-1,text,true,1120,71
1360342267914,71,Modify Binary Resource,200,OK,Threadgroup 1-1,text,true,1044,71
1360342268014,72,Modify Binary Resource,200,OK,Threadgroup 1-1,text,true,1044,72
1360342268115,72,Modify Binary Resource,200,OK,Threadgroup 1-1,text,true,1044,72
1360342268215,91,Modify Binary Resource,200,OK,Threadgroup 1-1,text,true,1063,91
1360342268335,73,Modify Binary Resource,200,OK,Threadgroup 1-1,text,true,1044,73
1360342268436,71,Modify Binary Resource,200,OK,Threadgroup 1-1,text,true,1044,71
1360342268535,75,Modify Binary Resource,200,OK,Threadgroup 1-1,text,true,1044,75
1360342268636,73,Modify Binary Resource,200,OK,Threadgroup 1-1,text,true,1044,73
1360342268736,74,Modify Binary Resource,200,OK,Threadgroup 1-1,text,true,1044,74
1360342268837,93,Modify Binary Resource,200,OK,Threadgroup 1-1,text,true,1046,93
1360342268956,76,Create Binary Resource,201,Created,Threadgroup 1-1,text,true,1125,76
1360342269057,75,Modify Binary Resource,200,OK,Threadgroup 1-1,text,true,1048,75
1360342269158,74,Modify Binary Resource,200,OK,Threadgroup 1-1,text,true,1048,74
1360342269257,77,Modify Binary Resource,200,OK,Threadgroup 1-1,text,true,1048,77
1360342269358,94,Modify Binary Resource,200,OK,Threadgroup 1-1,text,true,1048,94
1360342269477,77,Modify Binary Resource,200,OK,Threadgroup 1-1,text,true,1048,77
1360342269584,78,Modify Binary Resource,200,OK,Threadgroup 1-1,text,true,1048,78
1360342269867,77,Modify Binary Resource,200,OK,Threadgroup 1-1,text,true,1048,77
1360342269974,82,Modify Binary Resource,200,OK,Threadgroup 1-1,text,true,1048,82
1360342270085,97,Modify Binary Resource,200,OK,Threadgroup 1-1,text,true,1048,97
1360342270207,79,Modify Binary Resource,200,OK,Threadgroup 1-1,text,true,1050,79
1360342270306,18,Get Object,200,OK,Threadgroup 1-1,text,true,2745,18
1360342270340,7,Read Binary Resource,200,OK,Threadgroup 1-1,text,true,7770,7
1360342270356,8,Read Binary Resource,200,OK,Threadgroup 1-1,text,true,8440,8
1360342270371,6,Read Binary Resource,200,OK,Threadgroup 1-1,text,true,8243,6
1360342270387,7,Read Binary Resource,200,OK,Threadgroup 1-1,text,true,8420,7
1360342270401,7,Read Binary Resource,200,OK,Threadgroup 1-1,text,true,7684,7
1360342270418,7,Read Binary Resource,200,OK,Threadgroup 1-1,text,true,8406,7
1360342270432,7,Read Binary Resource,200,OK,Threadgroup 1-1,text,true,6783,7
1360342270448,8,Read Binary Resource,200,OK,Threadgroup 1-1,text,true,9681,7
1360342270465,7,Read Binary Resource,200,OK,Threadgroup 1-1,text,true,7477,7
1360342270479,7,Read Binary Resource,200,OK,Threadgroup 1-1,text,true,8133,7
1360342270502,51,Delete Object,200,OK,Threadgroup 1-1,text,true,224,51
1360342270568,111,Create Object,201,Created,Threadgroup 1-1,text,true,280,111
1360342270702,33,Create Binary Resource,201,Created,Threadgroup 1-1,text,true,1120,33
1360342270764,30,Modify Binary Resource,200,OK,Threadgroup 1-1,text,true,1044,30
1360342270824,31,Modify Binary Resource,200,OK,Threadgroup 1-1,text,true,1044,31
1360342270885,280,Modify Binary Resource,200,OK,Threadgroup 1-1,text,true,1044,280
1360342271195,31,Modify Binary Resource,200,OK,Threadgroup 1-1,text,true,1044,31
1360342271255,31,Modify Binary Resource,200,OK,Threadgroup 1-1,text,true,1044,31
1360342271316,31,Modify Binary Resource,200,OK,Threadgroup 1-1,text,true,1044,31
1360342271376,31,Modify Binary Resource,200,OK,Threadgroup 1-1,text,true,1044,31
1360342271436,32,Modify Binary Resource,200,OK,Threadgroup 1-1,text,true,1044,32
1360342271496,33,Modify Binary Resource,200,OK,Threadgroup 1-1,text,true,1044,33
1360342271556,35,Modify Binary Resource,200,OK,Threadgroup 1-1,text,true,1046,35
1360342271617,34,Create Binary Resource,201,Created,Threadgroup 1-1,text,true,1120,34
1360342271677,33,Modify Binary Resource,200,OK,Threadgroup 1-1,text,true,1044,33
1360342271737,34,Modify Binary Resource,200,OK,Threadgroup 1-1,text,true,1044,34
1360342271797,34,Modify Binary Resource,200,OK,Threadgroup 1-1,text,true,1044,34
1360342271859,34,Modify Binary Resource,200,OK,Threadgroup 1-1,text,true,1044,34
1360342271918,35,Modify Binary Resource,200,OK,Threadgroup 1-1,text,true,1044,35
1360342271978,36,Modify Binary Resource,200,OK,Threadgroup 1-1,text,true,1044,35
1360342272044,38,Modify Binary Resource,200,OK,Threadgroup 1-1,text,true,1044,38
1360342272108,36,Modify Binary Resource,200,OK,Threadgroup 1-1,text,true,1044,36
1360342272174,40,Modify Binary Resource,200,OK,Threadgroup 1-1,text,true,1044,40
1360342272252,42,Modify Binary Resource,200,OK,Threadgroup 1-1,text,true,1046,42
1360342272324,41,Create Binary Resource,201,Created,Threadgroup 1-1,text,true,1120,41
1360342272395,39,Modify Binary Resource,200,OK,Threadgroup 1-1,text,true,1044,39
1360342272465,40,Modify Binary Resource,200,OK,Threadgroup 1-1,text,true,1044,40
1360342272535,67,Modify Binary Resource,200,OK,Threadgroup 1-1,text,true,1044,67
1360342272628,39,Modify Binary Resource,200,OK,Threadgroup 1-1,text,true,1044,39
1360342272696,41,Modify Binary Resource,200,OK,Threadgroup 1-1,text,true,1044,41
1360342272766,41,Modify Binary Resource,200,OK,Threadgroup 1-1,text,true,1044,41
1360342273006,43,Modify Binary Resource,200,OK,Threadgroup 1-1,text,true,1044,43
1360342273076,42,Modify Binary Resource,200,OK,Threadgroup 1-1,text,true,1044,42
1360342273147,42,Modify Binary Resource,200,OK,Threadgroup 1-1,text,true,1044,42
1360342273217,43,Modify Binary Resource,200,OK,Threadgroup 1-1,text,true,1046,43
1360342273287,226,Create Binary Resource,201,Created,Threadgroup 1-1,text,true,1120,226
1360342273539,42,Modify Binary Resource,200,OK,Threadgroup 1-1,text,true,1044,42
1360342273607,44,Modify Binary Resource,200,OK,Threadgroup 1-1,text,true,1044,44
1360342273677,61,Modify Binary Resource,200,OK,Threadgroup 1-1,text,true,1044,61
1360342273766,46,Modify Binary Resource,200,OK,Threadgroup 1-1,text,true,1044,46
1360342273838,45,Modify Binary Resource,200,OK,Threadgroup 1-1,text,true,1044,45
1360342273908,45,Modify Binary Resource,200,OK,Threadgroup 1-1,text,true,1044,45
1360342273978,46,Modify Binary Resource,200,OK,Threadgroup 1-1,text,true,1044,46
1360342274055,48,Modify Binary Resource,200,OK,Threadgroup 1-1,text,true,1044,48
1360342274128,47,Modify Binary Resource,200,OK,Threadgroup 1-1,text,true,1044,47
1360342274204,50,Modify Binary Resource,200,OK,Threadgroup 1-1,text,true,1046,50
1360342274284,52,Create Binary Resource,201,Created,Threadgroup 1-1,text,true,1120,52
1360342274365,50,Modify Binary Resource,200,OK,Threadgroup 1-1,text,true,1044,50
1360342274445,78,Modify Binary Resource,200,OK,Threadgroup 1-1,text,true,1044,78
1360342274548,50,Modify Binary Resource,200,OK,Threadgroup 1-1,text,true,1044,50
1360342274626,51,Modify Binary Resource,200,OK,Threadgroup 1-1,text,true,1044,51
1360342274706,51,Modify Binary Resource,200,OK,Threadgroup 1-1,text,true,1044,51
1360342274785,52,Modify Binary Resource,200,OK,Threadgroup 1-1,text,true,1044,52
1360342274866,52,Modify Binary Resource,200,OK,Threadgroup 1-1,text,true,1044,52
1360342274946,52,Modify Binary Resource,200,OK,Threadgroup 1-1,text,true,1044,52
1360342275026,52,Modify Binary Resource,200,OK,Threadgroup 1-1,text,true,1044,52
1360342275106,53,Modify Binary Resource,200,OK,Threadgroup 1-1,text,true,1046,53
1360342275187,75,Create Binary Resource,201,Created,Threadgroup 1-1,text,true,1120,75
1360342275288,53,Modify Binary Resource,200,OK,Threadgroup 1-1,text,true,1044,53
1360342275368,54,Modify Binary Resource,200,OK,Threadgroup 1-1,text,true,1044,54
1360342275448,54,Modify Binary Resource,200,OK,Threadgroup 1-1,text,true,1044,54
1360342275528,55,Modify Binary Resource,200,OK,Threadgroup 1-1,text,true,1044,55
1360342275608,280,Modify Binary Resource,200,OK,Threadgroup 1-1,text,true,1044,280
1360342275916,57,Modify Binary Resource,200,OK,Threadgroup 1-1,text,true,1044,57
1360342275998,56,Modify Binary Resource,200,OK,Threadgroup 1-1,text,true,1044,56
1360342276085,89,Modify Binary Resource,200,OK,Threadgroup 1-1,text,true,1044,89
1360342276205,59,Modify Binary Resource,200,OK,Threadgroup 1-1,text,true,1044,59
1360342276295,59,Modify Binary Resource,200,OK,Threadgroup 1-1,text,true,1046,59
1360342276564,61,Create Binary Resource,201,Created,Threadgroup 1-1,text,true,1120,61
1360342276655,61,Modify Binary Resource,200,OK,Threadgroup 1-1,text,true,1044,61
1360342276745,60,Modify Binary Resource,200,OK,Threadgroup 1-1,text,true,1044,60
1360342276836,60,Modify Binary Resource,200,OK,Threadgroup 1-1,text,true,1044,60
1360342276926,79,Modify Binary Resource,200,OK,Threadgroup 1-1,text,true,1044,79
1360342277035,62,Modify Binary Resource,200,OK,Threadgroup 1-1,text,true,1044,62
1360342277126,62,Modify Binary Resource,200,OK,Threadgroup 1-1,text,true,1044,62
1360342277217,61,Modify Binary Resource,200,OK,Threadgroup 1-1,text,true,1044,61
1360342277314,65,Modify Binary Resource,200,OK,Threadgroup 1-1,text,true,1044,65
1360342277407,70,Modify Binary Resource,200,OK,Threadgroup 1-1,text,true,1044,70
1360342277506,63,Modify Binary Resource,200,OK,Threadgroup 1-1,text,true,1046,63
1360342277597,86,Create Binary Resource,201,Created,Threadgroup 1-1,text,true,1120,86
1360342277708,63,Modify Binary Resource,200,OK,Threadgroup 1-1,text,true,1044,63
1360342277798,63,Modify Binary Resource,200,OK,Threadgroup 1-1,text,true,1044,63
1360342277888,60,Modify Binary Resource,200,OK,Threadgroup 1-1,text,true,1044,60
1360342277977,65,Modify Binary Resource,200,OK,Threadgroup 1-1,text,true,1044,65
1360342278068,66,Modify Binary Resource,200,OK,Threadgroup 1-1,text,true,1044,66
1360342278165,67,Modify Binary Resource,200,OK,Threadgroup 1-1,text,true,1044,67
1360342278258,67,Modify Binary Resource,200,OK,Threadgroup 1-1,text,true,1044,67
1360342278355,68,Modify Binary Resource,200,OK,Threadgroup 1-1,text,true,1044,68
1360342278448,67,Modify Binary Resource,200,OK,Threadgroup 1-1,text,true,1044,67
1360342278545,69,Modify Binary Resource,200,OK,Threadgroup 1-1,text,true,1046,69
1360342278645,70,Create Binary Resource,201,Created,Threadgroup 1-1,text,true,1120,70
1360342278745,70,Modify Binary Resource,200,OK,Threadgroup 1-1,text,true,1044,70
1360342278845,86,Modify Binary Resource,200,OK,Threadgroup 1-1,text,true,1044,86
1360342278958,69,Modify Binary Resource,200,OK,Threadgroup 1-1,text,true,1044,69
1360342279056,71,Modify Binary Resource,200,OK,Threadgroup 1-1,text,true,1044,71
1360342279156,71,Modify Binary Resource,200,OK,Threadgroup 1-1,text,true,1044,71
1360342279256,71,Modify Binary Resource,200,OK,Threadgroup 1-1,text,true,1044,71
1360342279356,90,Modify Binary Resource,200,OK,Threadgroup 1-1,text,true,1044,90
1360342279476,73,Modify Binary Resource,200,OK,Threadgroup 1-1,text,true,1044,73
1360342279577,73,Modify Binary Resource,200,OK,Threadgroup 1-1,text,true,1044,73
1360342279678,72,Modify Binary Resource,200,OK,Threadgroup 1-1,text,true,1046,72
1360342279778,74,Create Binary Resource,201,Created,Threadgroup 1-1,text,true,1125,74
1360342279878,73,Modify Binary Resource,200,OK,Threadgroup 1-1,text,true,1048,73
1360342279978,93,Modify Binary Resource,200,OK,Threadgroup 1-1,text,true,1048,92
1360342280098,77,Modify Binary Resource,200,OK,Threadgroup 1-1,text,true,1048,77
1360342280205,77,Modify Binary Resource,200,OK,Threadgroup 1-1,text,true,1048,77
1360342280489,75,Modify Binary Resource,200,OK,Threadgroup 1-1,text,true,1048,75
1360342280595,78,Modify Binary Resource,200,OK,Threadgroup 1-1,text,true,1048,78
1360342280699,94,Modify Binary Resource,200,OK,Threadgroup 1-1,text,true,1048,94
1360342280819,78,Modify Binary Resource,200,OK,Threadgroup 1-1,text,true,1048,78
1360342280926,78,Modify Binary Resource,200,OK,Threadgroup 1-1,text,true,1048,78
1360342281035,79,Modify Binary Resource,200,OK,Threadgroup 1-1,text,true,1050,79
1360342281136,18,Get Object,200,OK,Threadgroup 1-1,text,true,2745,18
1360342281170,7,Read Binary Resource,200,OK,Threadgroup 1-1,text,true,9876,7
1360342281187,8,Read Binary Resource,200,OK,Threadgroup 1-1,text,true,8384,8
1360342281203,7,Read Binary Resource,200,OK,Threadgroup 1-1,text,true,8463,7
1360342281220,7,Read Binary Resource,200,OK,Threadgroup 1-1,text,true,8467,7
1360342281238,7,Read Binary Resource,200,OK,Threadgroup 1-1,text,true,8053,7
1360342281253,7,Read Binary Resource,200,OK,Threadgroup 1-1,text,true,9313,7
1360342281271,7,Read Binary Resource,200,OK,Threadgroup 1-1,text,true,7270,7
1360342281288,8,Read Binary Resource,200,OK,Threadgroup 1-1,text,true,9260,8
1360342281305,7,Read Binary Resource,200,OK,Threadgroup 1-1,text,true,9393,7
1360342281320,7,Read Binary Resource,200,OK,Threadgroup 1-1,text,true,7830,7
1360342281343,50,Delete Object,200,OK,Threadgroup 1-1,text,true,224,50
1360342281414,58,Create Object,201,Created,Threadgroup 1-1,text,true,280,58
1360342281497,29,Create Binary Resource,201,Created,Threadgroup 1-1,text,true,1121,29
1360342281556,35,Modify Binary Resource,200,OK,Threadgroup 1-1,text,true,1045,35
1360342281618,28,Modify Binary Resource,200,OK,Threadgroup 1-1,text,true,1045,28
1360342281676,46,Modify Binary Resource,200,OK,Threadgroup 1-1,text,true,1045,46
1360342281748,29,Modify Binary Resource,200,OK,Threadgroup 1-1,text,true,1045,29
1360342281806,33,Modify Binary Resource,200,OK,Threadgroup 1-1,text,true,1045,33
1360342281867,30,Modify Binary Resource,200,OK,Threadgroup 1-1,text,true,1045,30
1360342281926,32,Modify Binary Resource,200,OK,Threadgroup 1-1,text,true,1064,32
1360342281987,31,Modify Binary Resource,200,OK,Threadgroup 1-1,text,true,1045,31
1360342282047,31,Modify Binary Resource,200,OK,Threadgroup 1-1,text,true,1045,31
1360342282107,33,Modify Binary Resource,200,OK,Threadgroup 1-1,text,true,1047,33
1360342282167,33,Create Binary Resource,201,Created,Threadgroup 1-1,text,true,1120,33
1360342282228,32,Modify Binary Resource,200,OK,Threadgroup 1-1,text,true,1044,32
1360342282288,33,Modify Binary Resource,200,OK,Threadgroup 1-1,text,true,1044,33
1360342282355,36,Modify Binary Resource,200,OK,Threadgroup 1-1,text,true,1044,36
1360342282418,34,Modify Binary Resource,200,OK,Threadgroup 1-1,text,true,1044,34
1360342282478,35,Modify Binary Resource,200,OK,Threadgroup 1-1,text,true,1044,35
1360342282539,34,Modify Binary Resource,200,OK,Threadgroup 1-1,text,true,1044,34
1360342282599,35,Modify Binary Resource,200,OK,Threadgroup 1-1,text,true,1044,35
1360342282665,38,Modify Binary Resource,200,OK,Threadgroup 1-1,text,true,1044,38
1360342282729,36,Modify Binary Resource,200,OK,Threadgroup 1-1,text,true,1044,36
1360342282795,39,Modify Binary Resource,200,OK,Threadgroup 1-1,text,true,1046,39
1360342282865,46,Create Binary Resource,201,Created,Threadgroup 1-1,text,true,1120,46
1360342282938,38,Modify Binary Resource,200,OK,Threadgroup 1-1,text,true,1044,38
1360342283006,39,Modify Binary Resource,200,OK,Threadgroup 1-1,text,true,1044,39
1360342283076,42,Modify Binary Resource,200,OK,Threadgroup 1-1,text,true,1044,42
1360342283147,39,Modify Binary Resource,200,OK,Threadgroup 1-1,text,true,1044,39
1360342283216,41,Modify Binary Resource,200,OK,Threadgroup 1-1,text,true,1044,41
1360342283467,41,Modify Binary Resource,200,OK,Threadgroup 1-1,text,true,1044,41
1360342283537,44,Modify Binary Resource,200,OK,Threadgroup 1-1,text,true,1044,44
1360342283608,41,Modify Binary Resource,200,OK,Threadgroup 1-1,text,true,1044,41
1360342283677,43,Modify Binary Resource,200,OK,Threadgroup 1-1,text,true,1044,43
1360342283748,61,Modify Binary Resource,200,OK,Threadgroup 1-1,text,true,1046,61
1360342283837,44,Create Binary Resource,201,Created,Threadgroup 1-1,text,true,1120,44
1360342283908,44,Modify Binary Resource,200,OK,Threadgroup 1-1,text,true,1044,44
1360342283978,48,Modify Binary Resource,200,OK,Threadgroup 1-1,text,true,1044,47
1360342284056,45,Modify Binary Resource,200,OK,Threadgroup 1-1,text,true,1044,45
1360342284128,45,Modify Binary Resource,200,OK,Threadgroup 1-1,text,true,1044,44
1360342284199,44,Modify Binary Resource,200,OK,Threadgroup 1-1,text,true,1044,44
1360342284269,44,Modify Binary Resource,200,OK,Threadgroup 1-1,text,true,1044,44
1360342284339,45,Modify Binary Resource,200,OK,Threadgroup 1-1,text,true,1044,45
1360342284415,48,Modify Binary Resource,200,OK,Threadgroup 1-1,text,true,1044,48
1360342284489,60,Modify Binary Resource,200,OK,Threadgroup 1-1,text,true,1044,60
1360342284577,48,Modify Binary Resource,200,OK,Threadgroup 1-1,text,true,1046,48
1360342284656,50,Create Binary Resource,201,Created,Threadgroup 1-1,text,true,1120,50
1360342284736,49,Modify Binary Resource,200,OK,Threadgroup 1-1,text,true,1044,49
1360342284816,50,Modify Binary Resource,200,OK,Threadgroup 1-1,text,true,1044,50
1360342284896,50,Modify Binary Resource,200,OK,Threadgroup 1-1,text,true,1044,50
1360342284976,50,Modify Binary Resource,200,OK,Threadgroup 1-1,text,true,1044,50
1360342285056,51,Modify Binary Resource,200,OK,Threadgroup 1-1,text,true,1044,51
1360342285138,50,Modify Binary Resource,200,OK,Threadgroup 1-1,text,true,1044,50
1360342285219,66,Modify Binary Resource,200,OK,Threadgroup 1-1,text,true,1044,66
1360342285316,53,Modify Binary Resource,200,OK,Threadgroup 1-1,text,true,1044,52
1360342285398,51,Modify Binary Resource,200,OK,Threadgroup 1-1,text,true,1044,51
1360342285478,52,Modify Binary Resource,200,OK,Threadgroup 1-1,text,true,1046,52
1360342285558,53,Create Binary Resource,201,Created,Threadgroup 1-1,text,true,1120,53
1360342285639,52,Modify Binary Resource,200,OK,Threadgroup 1-1,text,true,1044,52
1360342285719,107,Modify Binary Resource,200,OK,Threadgroup 1-1,text,true,1063,107
1360342285856,480,Modify Binary Resource,200,OK,Threadgroup 1-1,text,true,1044,480
1360342286367,129,Modify Binary Resource,200,OK,Threadgroup 1-1,text,true,1044,129
1360342286526,58,Modify Binary Resource,200,OK,Threadgroup 1-1,text,true,1044,58
1360342286616,56,Modify Binary Resource,200,OK,Threadgroup 1-1,text,true,1044,56
1360342286699,56,Modify Binary Resource,200,OK,Threadgroup 1-1,text,true,1044,56
1360342286786,57,Modify Binary Resource,200,OK,Threadgroup 1-1,text,true,1044,56
1360342286869,56,Modify Binary Resource,200,OK,Threadgroup 1-1,text,true,1044,56
1360342286956,60,Modify Binary Resource,200,OK,Threadgroup 1-1,text,true,1046,60
1360342287232,63,Create Binary Resource,201,Created,Threadgroup 1-1,text,true,1120,63
1360342287329,127,Modify Binary Resource,200,OK,Threadgroup 1-1,text,true,1044,127
1360342287510,57,Modify Binary Resource,200,OK,Threadgroup 1-1,text,true,1044,57
1360342287599,59,Modify Binary Resource,200,OK,Threadgroup 1-1,text,true,1044,59
1360342287689,59,Modify Binary Resource,200,OK,Threadgroup 1-1,text,true,1044,59
1360342287778,60,Modify Binary Resource,200,OK,Threadgroup 1-1,text,true,1044,59
1360342287867,61,Modify Binary Resource,200,OK,Threadgroup 1-1,text,true,1044,61
1360342287957,62,Modify Binary Resource,200,OK,Threadgroup 1-1,text,true,1044,62
1360342288047,83,Modify Binary Resource,200,OK,Threadgroup 1-1,text,true,1044,82
1360342288158,62,Modify Binary Resource,200,OK,Threadgroup 1-1,text,true,1044,62
1360342288248,62,Modify Binary Resource,200,OK,Threadgroup 1-1,text,true,1046,62
1360342288338,64,Create Binary Resource,201,Created,Threadgroup 1-1,text,true,1120,64
1360342288429,70,Modify Binary Resource,200,OK,Threadgroup 1-1,text,true,1044,70
1360342288528,63,Modify Binary Resource,200,OK,Threadgroup 1-1,text,true,1044,63
1360342288619,63,Modify Binary Resource,200,OK,Threadgroup 1-1,text,true,1044,63
1360342288709,83,Modify Binary Resource,200,OK,Threadgroup 1-1,text,true,1044,83
1360342288819,64,Modify Binary Resource,200,OK,Threadgroup 1-1,text,true,1044,64
1360342288909,65,Modify Binary Resource,200,OK,Threadgroup 1-1,text,true,1044,65
1360342289006,67,Modify Binary Resource,200,OK,Threadgroup 1-1,text,true,1044,67
1360342289099,66,Modify Binary Resource,200,OK,Threadgroup 1-1,text,true,1044,66
1360342289196,68,Modify Binary Resource,200,OK,Threadgroup 1-1,text,true,1044,68
1360342289295,89,Modify Binary Resource,200,OK,Threadgroup 1-1,text,true,1046,89
1360342289416,71,Create Binary Resource,201,Created,Threadgroup 1-1,text,true,1120,71
1360342289517,71,Modify Binary Resource,200,OK,Threadgroup 1-1,text,true,1044,70
1360342289617,70,Modify Binary Resource,200,OK,Threadgroup 1-1,text,true,1044,70
1360342289718,71,Modify Binary Resource,200,OK,Threadgroup 1-1,text,true,1044,71
1360342289818,78,Modify Binary Resource,200,OK,Threadgroup 1-1,text,true,1044,78
1360342289926,87,Modify Binary Resource,200,OK,Threadgroup 1-1,text,true,1044,87
1360342290045,73,Modify Binary Resource,200,OK,Threadgroup 1-1,text,true,1044,73
1360342290147,72,Modify Binary Resource,200,OK,Threadgroup 1-1,text,true,1044,72
1360342290248,71,Modify Binary Resource,200,OK,Threadgroup 1-1,text,true,1044,71
1360342290348,71,Modify Binary Resource,200,OK,Threadgroup 1-1,text,true,1044,71
1360342290448,72,Modify Binary Resource,200,OK,Threadgroup 1-1,text,true,1046,72
1360342290548,93,Create Binary Resource,201,Created,Threadgroup 1-1,text,true,1125,93
1360342290669,73,Modify Binary Resource,200,OK,Threadgroup 1-1,text,true,1048,73
1360342290769,131,Modify Binary Resource,200,OK,Threadgroup 1-1,text,true,1048,131
1360342290928,75,Modify Binary Resource,200,OK,Threadgroup 1-1,text,true,1048,75
1360342291029,74,Modify Binary Resource,200,OK,Threadgroup 1-1,text,true,1048,74
1360342291130,93,Modify Binary Resource,200,OK,Threadgroup 1-1,text,true,1048,93
1360342291438,76,Modify Binary Resource,200,OK,Threadgroup 1-1,text,true,1048,76
1360342291546,77,Modify Binary Resource,200,OK,Threadgroup 1-1,text,true,1048,77
1360342291649,76,Modify Binary Resource,200,OK,Threadgroup 1-1,text,true,1067,76
1360342291756,78,Modify Binary Resource,200,OK,Threadgroup 1-1,text,true,1048,78
1360342291866,90,Modify Binary Resource,200,OK,Threadgroup 1-1,text,true,1050,90
1360342291977,17,Get Object,200,OK,Threadgroup 1-1,text,true,2745,17
1360342292010,8,Read Binary Resource,200,OK,Threadgroup 1-1,text,true,10481,7
1360342292030,7,Read Binary Resource,200,OK,Threadgroup 1-1,text,true,7609,7
1360342292047,7,Read Binary Resource,200,OK,Threadgroup 1-1,text,true,8168,7
1360342292063,7,Read Binary Resource,200,OK,Threadgroup 1-1,text,true,8313,7
1360342292080,7,Read Binary Resource,200,OK,Threadgroup 1-1,text,true,8194,7
1360342292097,7,Read Binary Resource,200,OK,Threadgroup 1-1,text,true,7929,7
1360342292112,7,Read Binary Resource,200,OK,Threadgroup 1-1,text,true,8080,7
1360342292129,7,Read Binary Resource,200,OK,Threadgroup 1-1,text,true,9562,7
1360342292146,7,Read Binary Resource,200,OK,Threadgroup 1-1,text,true,7777,7
1360342292161,7,Read Binary Resource,200,OK,Threadgroup 1-1,text,true,8452,7
1360342292185,50,Delete Object,200,OK,Threadgroup 1-1,text,true,224,50
1360342292255,52,Create Object,201,Created,Threadgroup 1-1,text,true,282,52
1360342292333,44,Create Binary Resource,201,Created,Threadgroup 1-1,text,true,1123,44
1360342292407,28,Modify Binary Resource,200,OK,Threadgroup 1-1,text,true,1046,27
1360342292466,30,Modify Binary Resource,200,OK,Threadgroup 1-1,text,true,1046,30
1360342292534,32,Modify Binary Resource,200,OK,Threadgroup 1-1,text,true,1046,31
1360342292596,30,Modify Binary Resource,200,OK,Threadgroup 1-1,text,true,1046,30
1360342292656,32,Modify Binary Resource,200,OK,Threadgroup 1-1,text,true,1046,32
1360342292718,30,Modify Binary Resource,200,OK,Threadgroup 1-1,text,true,1046,30
1360342292777,31,Modify Binary Resource,200,OK,Threadgroup 1-1,text,true,1046,31
1360342292837,31,Modify Binary Resource,200,OK,Threadgroup 1-1,text,true,1046,31
1360342292898,30,Modify Binary Resource,200,OK,Threadgroup 1-1,text,true,1046,30
1360342292958,32,Modify Binary Resource,200,OK,Threadgroup 1-1,text,true,1048,32
1360342293018,33,Create Binary Resource,201,Created,Threadgroup 1-1,text,true,1123,33
1360342293079,32,Modify Binary Resource,200,OK,Threadgroup 1-1,text,true,1046,32
1360342293139,33,Modify Binary Resource,200,OK,Threadgroup 1-1,text,true,1046,33
1360342293199,58,Modify Binary Resource,200,OK,Threadgroup 1-1,text,true,1046,58
1360342293287,35,Modify Binary Resource,200,OK,Threadgroup 1-1,text,true,1046,35
1360342293349,34,Modify Binary Resource,200,OK,Threadgroup 1-1,text,true,1046,34
1360342293415,37,Modify Binary Resource,200,OK,Threadgroup 1-1,text,true,1046,37
1360342293479,35,Modify Binary Resource,200,OK,Threadgroup 1-1,text,true,1046,35
1360342293546,37,Modify Binary Resource,200,OK,Threadgroup 1-1,text,true,1046,37
1360342293610,35,Modify Binary Resource,200,OK,Threadgroup 1-1,text,true,1046,35
1360342293676,46,Modify Binary Resource,200,OK,Threadgroup 1-1,text,true,1048,46
1360342293749,39,Create Binary Resource,201,Created,Threadgroup 1-1,text,true,1123,39
1360342293817,52,Modify Binary Resource,200,OK,Threadgroup 1-1,text,true,1046,52
1360342293898,55,Modify Binary Resource,200,OK,Threadgroup 1-1,text,true,1046,55
1360342293979,39,Modify Binary Resource,200,OK,Threadgroup 1-1,text,true,1046,39
1360342294048,44,Modify Binary Resource,200,OK,Threadgroup 1-1,text,true,1046,44
1360342294119,57,Modify Binary Resource,200,OK,Threadgroup 1-1,text,true,1046,57
1360342294207,41,Modify Binary Resource,200,OK,Threadgroup 1-1,text,true,1046,41
1360342294467,42,Modify Binary Resource,200,OK,Threadgroup 1-1,text,true,1046,42
1360342294538,41,Modify Binary Resource,200,OK,Threadgroup 1-1,text,true,1046,41
1360342294608,41,Modify Binary Resource,200,OK,Threadgroup 1-1,text,true,1046,41
1360342294678,42,Modify Binary Resource,200,OK,Threadgroup 1-1,text,true,1048,42
1360342294748,51,Create Binary Resource,201,Created,Threadgroup 1-1,text,true,1123,51
1360342294828,42,Modify Binary Resource,200,OK,Threadgroup 1-1,text,true,1046,42
1360342294899,42,Modify Binary Resource,200,OK,Threadgroup 1-1,text,true,1046,42
1360342294969,43,Modify Binary Resource,200,OK,Threadgroup 1-1,text,true,1046,43
1360342295039,43,Modify Binary Resource,200,OK,Threadgroup 1-1,text,true,1046,43
1360342295110,63,Modify Binary Resource,200,OK,Threadgroup 1-1,text,true,1046,63
1360342295200,44,Modify Binary Resource,200,OK,Threadgroup 1-1,text,true,1046,44
1360342295276,56,Modify Binary Resource,200,OK,Threadgroup 1-1,text,true,1046,56
1360342295360,45,Modify Binary Resource,200,OK,Threadgroup 1-1,text,true,1046,45
1360342295436,47,Modify Binary Resource,200,OK,Threadgroup 1-1,text,true,1046,47
1360342295510,52,Modify Binary Resource,200,OK,Threadgroup 1-1,text,true,1048,52
1360342295589,54,Create Binary Resource,201,Created,Threadgroup 1-1,text,true,1123,54
1360342295675,49,Modify Binary Resource,200,OK,Threadgroup 1-1,text,true,1046,49
1360342295756,51,Modify Binary Resource,200,OK,Threadgroup 1-1,text,true,1046,51
1360342295837,165,Modify Binary Resource,200,OK,Threadgroup 1-1,text,true,1046,165
1360342296030,74,Modify Binary Resource,200,OK,Threadgroup 1-1,text,true,1046,74
1360342296137,51,Modify Binary Resource,200,OK,Threadgroup 1-1,text,true,1046,51
1360342296218,50,Modify Binary Resource,200,OK,Threadgroup 1-1,text,true,1046,50
1360342296298,50,Modify Binary Resource,200,OK,Threadgroup 1-1,text,true,1046,50
1360342296378,177,Modify Binary Resource,200,OK,Threadgroup 1-1,text,true,1046,177
1360342296587,52,Modify Binary Resource,200,OK,Threadgroup 1-1,text,true,1046,52
1360342296668,52,Modify Binary Resource,200,OK,Threadgroup 1-1,text,true,1048,52
1360342296748,53,Create Binary Resource,201,Created,Threadgroup 1-1,text,true,1123,53
1360342296829,68,Modify Binary Resource,200,OK,Threadgroup 1-1,text,true,1046,68
1360342296928,53,Modify Binary Resource,200,OK,Threadgroup 1-1,text,true,1046,53
1360342297009,53,Modify Binary Resource,200,OK,Threadgroup 1-1,text,true,1046,53
1360342297090,66,Modify Binary Resource,200,OK,Threadgroup 1-1,text,true,1046,66
1360342297187,59,Modify Binary Resource,200,OK,Threadgroup 1-1,text,true,1046,59
1360342297277,56,Modify Binary Resource,200,OK,Threadgroup 1-1,text,true,1046,56
1360342297360,60,Modify Binary Resource,200,OK,Threadgroup 1-1,text,true,1046,60
1360342297449,55,Modify Binary Resource,200,OK,Threadgroup 1-1,text,true,1046,55
1360342297546,82,Modify Binary Resource,200,OK,Threadgroup 1-1,text,true,1046,82
1360342297658,57,Modify Binary Resource,200,OK,Threadgroup 1-1,text,true,1048,57
1360342297747,63,Create Binary Resource,201,Created,Threadgroup 1-1,text,true,1123,63
1360342297839,57,Modify Binary Resource,200,OK,Threadgroup 1-1,text,true,1046,57
1360342297927,59,Modify Binary Resource,200,OK,Threadgroup 1-1,text,true,1046,59
1360342298207,60,Modify Binary Resource,200,OK,Threadgroup 1-1,text,true,1046,60
1360342298297,61,Modify Binary Resource,200,OK,Threadgroup 1-1,text,true,1046,61
1360342298388,79,Modify Binary Resource,200,OK,Threadgroup 1-1,text,true,1046,79
1360342298497,61,Modify Binary Resource,200,OK,Threadgroup 1-1,text,true,1046,61
1360342298588,61,Modify Binary Resource,200,OK,Threadgroup 1-1,text,true,1046,61
1360342298678,62,Modify Binary Resource,200,OK,Threadgroup 1-1,text,true,1046,62
1360342298769,61,Modify Binary Resource,200,OK,Threadgroup 1-1,text,true,1046,61
1360342298859,62,Modify Binary Resource,200,OK,Threadgroup 1-1,text,true,1048,62
1360342298949,63,Create Binary Resource,201,Created,Threadgroup 1-1,text,true,1123,63
1360342299040,80,Modify Binary Resource,200,OK,Threadgroup 1-1,text,true,1046,80
1360342299149,63,Modify Binary Resource,200,OK,Threadgroup 1-1,text,true,1046,63
1360342299239,63,Modify Binary Resource,200,OK,Threadgroup 1-1,text,true,1046,63
1360342299330,63,Modify Binary Resource,200,OK,Threadgroup 1-1,text,true,1046,63
1360342299426,66,Modify Binary Resource,200,OK,Threadgroup 1-1,text,true,1046,66
1360342299520,69,Modify Binary Resource,200,OK,Threadgroup 1-1,text,true,1046,69
1360342299619,65,Modify Binary Resource,200,OK,Threadgroup 1-1,text,true,1046,65
1360342299718,67,Modify Binary Resource,200,OK,Threadgroup 1-1,text,true,1046,67
1360342299817,67,Modify Binary Resource,200,OK,Threadgroup 1-1,text,true,1046,67
1360342299916,68,Modify Binary Resource,200,OK,Threadgroup 1-1,text,true,1048,68
1360342300016,70,Create Binary Resource,201,Created,Threadgroup 1-1,text,true,1123,70
1360342300117,70,Modify Binary Resource,200,OK,Threadgroup 1-1,text,true,1046,70
1360342300217,92,Modify Binary Resource,200,OK,Threadgroup 1-1,text,true,1046,92
1360342300339,69,Modify Binary Resource,200,OK,Threadgroup 1-1,text,true,1046,69
1360342300438,69,Modify Binary Resource,200,OK,Threadgroup 1-1,text,true,1046,69
1360342300538,70,Modify Binary Resource,200,OK,Threadgroup 1-1,text,true,1046,70
1360342300638,70,Modify Binary Resource,200,OK,Threadgroup 1-1,text,true,1046,70
1360342300738,70,Modify Binary Resource,200,OK,Threadgroup 1-1,text,true,1046,70
1360342300838,94,Modify Binary Resource,200,OK,Threadgroup 1-1,text,true,1046,94
1360342300960,100,Modify Binary Resource,200,OK,Threadgroup 1-1,text,true,1046,100
1360342301089,71,Modify Binary Resource,200,OK,Threadgroup 1-1,text,true,1048,71
1360342301189,81,Create Binary Resource,201,Created,Threadgroup 1-1,text,true,1128,81
1360342301299,73,Modify Binary Resource,200,OK,Threadgroup 1-1,text,true,1050,73
1360342301400,72,Modify Binary Resource,200,OK,Threadgroup 1-1,text,true,1050,72
1360342301500,93,Modify Binary Resource,200,OK,Threadgroup 1-1,text,true,1050,93
1360342301626,76,Modify Binary Resource,200,OK,Threadgroup 1-1,text,true,1050,76
1360342301730,76,Modify Binary Resource,200,OK,Threadgroup 1-1,text,true,1050,76
1360342301837,76,Modify Binary Resource,200,OK,Threadgroup 1-1,text,true,1050,76
1360342301946,77,Modify Binary Resource,200,OK,Threadgroup 1-1,text,true,1050,77
1360342302050,94,Modify Binary Resource,200,OK,Threadgroup 1-1,text,true,1050,94
1360342302375,79,Modify Binary Resource,200,OK,Threadgroup 1-1,text,true,1050,78
1360342302487,78,Modify Binary Resource,200,OK,Threadgroup 1-1,text,true,1052,78
1360342302588,16,Get Object,200,OK,Threadgroup 1-1,text,true,2750,16
1360342302621,8,Read Binary Resource,200,OK,Threadgroup 1-1,text,true,8418,7
1360342302640,7,Read Binary Resource,200,OK,Threadgroup 1-1,text,true,8153,7
1360342302657,7,Read Binary Resource,200,OK,Threadgroup 1-1,text,true,8180,7
1360342302673,8,Read Binary Resource,200,OK,Threadgroup 1-1,text,true,7754,8
1360342302690,7,Read Binary Resource,200,OK,Threadgroup 1-1,text,true,6962,7
1360342302708,7,Read Binary Resource,200,OK,Threadgroup 1-1,text,true,8382,7
1360342302725,7,Read Binary Resource,200,OK,Threadgroup 1-1,text,true,9551,7
1360342302740,7,Read Binary Resource,200,OK,Threadgroup 1-1,text,true,8975,7
1360342302758,7,Read Binary Resource,200,OK,Threadgroup 1-1,text,true,8798,7
1360342302775,7,Read Binary Resource,200,OK,Threadgroup 1-1,text,true,7921,7
